extracted,source,opp_id,closed,account,type,competitor,prices_in_text,gpus_in_text,category,our_products,our_prices,our_gpus,term_days,prepayment,text,filed
2026-09-16,salesforce,006Te00000Q3Lr8IAF,2026-12-31,Odyssey-GB300s,competitor_named,AWS,,,Other,"Nebius Platform: GB300: GPU-72 vCPUs-2592, RAM-17280",5.5,5184,365,nan,Compute for equity.. AWS,
2026-09-16,salesforce,006Te00000QAjVJIA1,2026-11-03,Onepot.ai– #16 – H200's,accepted_price,,3.20,H200,Other,"Nebius Platform: H200: vCPUs-16, RAM-200",3.2,16,367,nan,One Pot was ready to sign for 16 H200s for 12 months at $3.20/gpu/hr. Closing this out due to no capacity. Have included screenshot in Notes.,
2026-09-16,salesforce,006Te00000Q3vj1IAB,2026-10-30,Dyno Therapeutics– 128 – H200,accepted_price,,,,Other,"Nebius Platform: H200: vCPUs-16, RAM-200",3.3,128,367,nan,Was not granted a capacity allocation - signed with another vendor to guarantee compute,
2026-09-16,salesforce,006Te00000Q3M2fIAF,2026-10-30,Uber- 128 H200 for Training,accepted_price,,,,Other,"Nebius Platform: B200: vCPUs-20, RAM-224",5.5,512,212,nan,"Account team was working with the head of GPU capacity palnning (Nayan Jain) for Michelangelo as well as the head of training at Michelangelo (Peng Zhang) who was acting as the main technical main point of contact. Shortly after the engagment started, the head of training left Uber. Nayan let us know that priorities had shifted but they would reach out when they were ready to explore GPU capacity again.",
2026-09-16,salesforce,006Te00000Q3LyvIAF,2026-10-13,VeedaLabs– 512 –B300 - 24 months,accepted_price,,,,Other,"Nebius Platform: B300: vCPUs-24, RAM-346",5.3,512,732,nan,Was not able to secure their capacity in Aug in Paris due to other offers being more competitive,
2026-09-16,salesforce,006Te00000Q3MfhIAF,2026-09-30,Physical Intelligence – 1024 – H200 - USA,accepted_price,Google Cloud,,,Lost to Competitor,"Nebius Platform: H200: vCPUs-16, RAM-200",2.02,1024,731,nan,Capacity,
2026-09-16,salesforce,006Te00000Q3Md5IAF,2026-09-15,Owkin– 16 – H100s,accepted_price,,,,No capacity,"Nebius Platform: H200: vCPUs-16, RAM-200",3.2,16,365,nan,"Need to use 16h100 for one month, no availability on-demand",
2026-09-16,salesforce,006Te00000Q3MSuIAN,2026-09-11,Gradium  256 b300 madrid,accepted_price,,,B300,No capacity,"Nebius Platform: B300: vCPUs-24, RAM-346",5.2,256,701,50.0,"We lost this deal because we were never able to commit to providing the 256 B300s. Gradium was ready to purchase them at an agreed price, but Nebius decided to wait and increase its pricing. The repeated delays were difficult for Gradium, so they chose to commit to another provider. When we eventually came back with a price that was 40% higher, they informed us that they had already committed elsewhere.",
2026-09-16,salesforce,006Te00000Qx1sLIAR,2026-09-10,Mecka.ai - 10k RTX 6000s - 12 mo,accepted_price,,,,No capacity,"Nebius Platform: RTX: vCPUs-24, RAM-200",2,10000,365,30.0,We do not have 10k RTXs to support Mecka's needs. They are tied to RTX and L40s to support their video data workload and require US-based deployments due to data processing regulations for their customers. Next step: they're using RTX via spot in Madrid/London (doesn't require data processing) and will keep them warm for opportunistic US-based capacity.,
2026-09-16,salesforce,006Te00000Q3MPdIAN,2026-09-08,Elorian– #128– B200s,accepted_price,,,,Pricing and Billing Issues,"Nebius Platform: B200: vCPUs-20, RAM-224",5.65,128,186,nan,"Pricing was not competitive with the customer’s alternative provider for the requested capacity and term. While Nebius was a strong fit operationally, the commercial gap ultimately drove the decision.",
2026-09-16,salesforce,006Te00000QTVflIAH,2026-09-08,Physical Intelligence – 1024 – B200/300 - USA,accepted_price,,,,No capacity,"Nebius Platform: B200: vCPUs-20, RAM-224",5.93,1024,396,30.0,We had no capacity available for them,
2026-09-16,salesforce,006Te00000QyyS9IAJ,2026-09-08,Ricursive 2k B300s,accepted_price,,,,Pricing and Billing Issues,"Nebius Platform: B300: vCPUs-24, RAM-346 | Nebius Platform: B300: vCPUs-24, RAM-346",6.25 | 5.49,2500 | 2504,975 | 182,0.0,"Pricing was not competitive with the customer’s alternative provider for the requested capacity and term. While Nebius was a strong fit operationally, the commercial gap ultimately drove the decision.",
2026-09-16,salesforce,006Te00000QlXxdIAF,2026-09-08,AKASA - 16 B200 - 24 mo - 30%,accepted_price,,,B200,No capacity,"Nebius Platform: B200: vCPUs-20, RAM-224",5.9,16,731,30.0,B200 capacity in KCS was allocated last week to an existing customer. AKASA has a hard US-based capacity requirement - they deal with healthcare data that is not allowed to leave the US. Next step: will work with them on opportunistic capacity blocks that may open up over the next few months.,
2026-09-16,salesforce,006Te00000QlOntIAF,2026-09-07,Preference Model - 256 B300s - 24 Months,accepted_price,,,,Customer Disengagement or Cancellation,"Nebius Platform: B300: vCPUs-24, RAM-346",5.56,16,-33,0.0,"Preference Model has paused its cluster search due to a change in internal business priorities, rather than selecting another compute provider. They did not secure GPU capacity elsewhere and indicated they may return to the market early next year, so this is more of a timing/prioritization pause than a competitive loss.",
2026-09-16,salesforce,006Te00000Q3Lm2IAF,2026-09-07,P3 AI – #64 - H100/H200,accepted_price,,,,No capacity,Nebius Platform: H100 SXM with IB,2.85,128,184,nan,"Could not get capacity allocated, ended up going with competitor",
2026-09-16,salesforce,006Te00000Q3MfxIAF,2026-09-04,Simli.com– 150 of RTX6000 - AI Cloud,accepted_price,,,,No capacity,"Nebius Platform: RTX: vCPUs-24, RAM-200",1.62,200,337,nan,We have no RTX6000 available.,
2026-09-16,salesforce,006Te00000QAjXhIAL,2026-09-03,Behavox– #64 B300 or 72 GB300 3 years,accepted_price,,,,Competitor chosen,"Nebius Platform: B300: vCPUs-24, RAM-346",5.76,64,273,nan,"we were taking too long to allocate capacity and they had a competing deal expiring. We were there preferred choice and they are a current client, also an ISV.",
2026-09-16,salesforce,006Te00000QybVZIAZ,2026-09-03,JG E2E Token Factory,competitor_named,Nebul,,,,,,,,nan,TEST,
2026-09-16,salesforce,006Te00000Qy46bIAB,2026-09-03,JG E2E,competitor_named,AWS,,,com,"Nebius Platform: B300: vCPUs-24, RAM-346 | Nebius Platform: B200: vCPUs-20, RAM-224",6.1 | 5.93,1 | 1,15 | 15,0.0,AASD,
2026-09-16,salesforce,006Te00000QAjbBIAT,2026-09-03,Generalist–B300 bridge,accepted_price,,,,Test Deals,"Nebius Platform: B300: vCPUs-24, RAM-346",7.85,32,19,nan,This was a placeholder opp for a capacity ticket for a free bridge,
2026-09-16,salesforce,006Te00000QGWhhIAH,2026-09-03,Level AI - 64 B200 - 12mo - 30%,accepted_price,,,,Customer Disengagement or Cancellation,"Nebius Platform: B200: vCPUs-20, RAM-224",5.75,64,365,30.0,Level AI bought their own on-prem compute instead cloud-based capacity.,
2026-09-16,salesforce,006Te00000QrWIvIAN,2026-09-03,Dyna - 128 B200/300,accepted_price,Together AI,,,Competitor chosen,,,,,nan,Found a competitor with capacity at a lower price,
2026-09-16,salesforce,006Te00000QXxqLIAT,2026-09-03,SentientWave - TOFA,competitor_named,AWS,,,Competitor chosen,,,,,nan,Too small for us at this point,
2026-09-16,salesforce,006Te00000QAqhlIAD,2026-09-02,Sky Pilot – 128 – B300 – 12mo – 30%,accepted_price,,,B300,No capacity,"Nebius Platform: B300: vCPUs-24, RAM-346",5.61,128,365,nan,"Closing this out as SkyPilot did not get approved for the Paris B300 cluster. Preference to support their product build out was B300s and Sept 10th was their firm start date. Israel/Madrid does not work due to Q4 start. Closing this opportunity out as lost, will keep them warm as opportunistic blocks open up.",
2026-09-16,salesforce,006Te00000Q7czMIAR,2026-09-02,Kodiak Robotics  Kodiak Robotics-8-GB300,accepted_price,AWS,,,Competitor chosen,,,,,nan,Secured capacity via their incumbent AWS,
2026-09-16,salesforce,006Te00000QAjXWIA1,2026-09-02,Sperid Labs– h200 – 256,accepted_price,,,H200,No capacity,"Nebius Platform: H200: vCPUs-16, RAM-200",3,256,548,nan,lost because of capacity. WE dont have h200 atm.,
2026-09-16,salesforce,006Te00000Q3LbHIAV,2026-09-01,OpenRelay– #32 B200s – POC,accepted_price,,,,Competitor chosen,"Nebius Platform: B200: vCPUs-20, RAM-224",5.93,32,15,nan,Customer did not end up needing the bridge capacity and stayed with DeepSeek for their compute,
2026-09-16,salesforce,006Te00000Q3vtqIAB,2026-09-01,ScatterLab– #512 – B200 1 year,accepted_price,,,,No capacity,"Nebius Platform: B200: vCPUs-20, RAM-224",4.5,512,329,30.0,too little for customer,
2026-09-16,salesforce,006Te00000QAjdUIAT,2026-09-01,Diabolocom– 16 – h200,accepted_price,,,,No capacity,"Nebius Platform: H200: vCPUs-16, RAM-200",3,16,58,nan,"not needed anymore,. They are fine with PAYG",
2026-09-16,salesforce,006Te00000Q3LqPIAV,2026-08-31,Miruvor AI– 64 H200,competitor_named,AWS,,,Competitor chosen,,,,,nan,Wanted their model on TOFA but too small,
2026-09-16,salesforce,006Te00000Q3LfRIAV,2026-08-31,Telnyx– 100 B200,accepted_price,,,,No capacity,,,,,nan,They bought their own capacity,
2026-09-16,salesforce,006Te00000Q3vgwIAB,2026-08-31,Fish Audio - 512 H200,accepted_price,,,H200,No capacity,"Nebius Platform: H200: vCPUs-16, RAM-200",3,512,362,nan,No H200s to meet customer requirements,
2026-09-16,salesforce,006Te00000Q3MCcIAN,2026-08-31,Instinct– #512 – B200,accepted_price,,4.50,B200 | B300 | GB300,Other,"Nebius Platform: B200: vCPUs-20, RAM-224",4.5,512,1098,nan,"Instinct was ready to move forward on July 17, 2026 with 512 B200s for a 36-month commitment at $4.50/GPU/hr, pending final capacity allocation. We were ultimately unable to secure the required capacity, preventing the deal from moving forward despite the customer being ready to sign.  Instinct now has a new inference requirement for GB300 or B300 capacity. We are actively exploring whether we can secure an allocation before November to potentially reopen the opportunity.",
2026-09-16,salesforce,006Te00000Q3LdjIAF,2026-08-31,Terminal - 128 B300s,accepted_price,,,,No capacity,,,,,nan,Customer went dark after I shared our time horizon.,
2026-09-16,salesforce,006Te00000Q3LysIAF,2026-08-31,WHOOP - 64 - H100,competitor_named,AWS,,,Competitor chosen,"Nebius Platform: H100 SXM with IB | Nebius Platform: B300: vCPUs-24, RAM-346",3.09 | 7.1,64 | 16,366 | 8,nan,AWS offered a 6 month extension on their existing contact.,
2026-09-16,salesforce,006Te00000Q3M7oIAF,2026-08-29,Inceptron– 64 – B300,accepted_price,,,,Lost to Competitor,"Nebius Platform: B300: vCPUs-24, RAM-346",5.56,64,366,nan,Our competitor has capacity available in now in Sweden and with no prepayment. Local provider.,
2026-09-16,salesforce,006Te00000Q3vqeIAB,2026-08-28,Genesis AI– # 500 RTX & 1024 B300,accepted_price,,,,Other,"Nebius Platform: RTX: vCPUs-24, RAM-200 | Nebius Platform: B300: vCPUs-24, RAM-346",1.65 | 6.5,504 | 1024,-161 | 354,100.0,Capacity availability / deployment timing,
2026-09-16,salesforce,006Te00000Q3LnPIAV,2026-08-28,Perplexity AI– 2k – B200 (Token Factory),accepted_price,,,B200,No Decision / Non-Responsive,,,,,nan,"Customer was 1 week away from completing the POC and they dropped off. Perplexity may come back, but it won't be for the same capacity (2k Denver B200s).",
2026-09-16,salesforce,006Te00000Qn8TiIAJ,2026-08-28,Watney Robotics - 64xH200 - 1y - 30% - US,accepted_price,,,,Pricing and Billing Issues,,,,,nan,Pricing was too high for them and they was no available capacity,
2026-09-16,salesforce,006Te00000QAqhnIAD,2026-08-27,MBZUAI Core42 – #6256 – B300 -> #2592 - VR,accepted_price,,,GB300,No capacity,"Nebius Platform: Vera Rubin: NVL72 | Nebius Platform: B300: vCPUs-24, RAM-346 | Nebius Platform: H200: vCPUs-16, RAM-200 | Nebius Platform: GB300: GPU-72 vCPUs-2592, RAM-17280",8.5 | 5.95 | 4.5 | 10.5,2592 | 6256 | 40 | 5040,184 | 181 | 15 | 92,nan,we couldn't meet the capacity need of the customer. They needed GB300s which we didn't have.,
2026-09-16,salesforce,006Te00000QAjXoIAL,2026-08-27,Highlanders– #80 – B300,accepted_price,AWS,,B300,No capacity,"Nebius Platform: B300: vCPUs-24, RAM-346",5.56,80,365,nan,No immediate B300 in Sep. Customer went with AWS,
2026-09-16,salesforce,006Te00000QAjV2IAL,2026-08-26,Meristem– 64xB300 - 1 year - 30%,accepted_price,,,,No capacity,"Nebius Platform: B300: vCPUs-24, RAM-346",6,64,273,30.0,Capcity went to Wix - Customer could not wait for November deployment,
2026-09-16,salesforce,006Te00000QAqnxIAD,2026-08-26,ValkaAI–32 B300,accepted_price,,,,No capacity,"Nebius Platform: B300: vCPUs-24, RAM-346",6.1,32,364,nan,weren't prioritized for near-term capacity,
2026-09-16,salesforce,006Te00000QAjUZIA1,2026-08-26,weightspacelabs.ai– 16 x B200,accepted_price,,,,No capacity,"Nebius Platform: B200: vCPUs-20, RAM-224",5.34,16,185,100.0,another client was prioritised for near-term capacity,
2026-09-16,salesforce,006Te00000QAcBSIA1,2026-08-26,Lightricks– 128 – B200 - Kansas - 36 months,competitor_named,Crusoe Energy Systems,,,Competitor chosen,"Nebius Platform: B200: vCPUs-20, RAM-224",5.93,128,1096,nan,Pricing,
2026-09-16,salesforce,006Te00000QThc6IAD,2026-08-26,Hover - 96 RTX 6000 - 12 mo - TBD,accepted_price,,,,No capacity,"Nebius Platform: RTX: vCPUs-24, RAM-200",2.08,96,365,nan,"CEO let me know they require US-based RTX capacity and cannot deploy internationally. No US capacity, closing out.",
2026-09-16,salesforce,006Te00000Q3KcXIAV,2026-08-25,Capio – #32 – B200,accepted_price,,,,Customer Disengagement or Cancellation,"Nebius Platform: B200: vCPUs-20, RAM-224",5.93,32,,nan,"Not the right fit for Capio's needs, not interested in training their own models or open-source models. Do not have the capacity/staff for this",
2026-09-16,salesforce,006Te00000Q3vttIAB,2026-08-25,ScatterLab– #768– RTX6000 1 year,accepted_price,AWS,,,Competitor chosen,"Nebius Platform: RTX: vCPUs-24, RAM-200",1.61,768,365,nan,Lost to AWS due to speed to confirm the capacity. AWS is $0.10 higher in price but confirm instantly,
2026-09-16,salesforce,006Te00000QAjbZIAT,2026-08-25,Handshake– #128 – H200,accepted_price,,,,No capacity,"Nebius Platform: H200: vCPUs-16, RAM-200",3.5,128,364,nan,Customer found capacity with another provider.,
2026-09-16,salesforce,006Te00000Q3MfsIAF,2026-08-25,Amazon.com (Fulfillment & Robotics) – 356 x B300,accepted_price,,,B300,No capacity,,,,,nan,we did not have the B300s in the US available immediately.,
2026-09-16,salesforce,006Te00000Q3Lo0IAF,2026-08-24,Mozilla– #80 – H100,competitor_named,AWS,,,Competitor chosen,,,,,nan,Went dark - AWS we believe won this,
2026-09-16,salesforce,006Te00000Q3L3zIAF,2026-08-24,AKOOL– 32 - H200 - Agnostic Region,accepted_price,,,,No capacity,"Nebius Platform: H200: vCPUs-16, RAM-200",3.3,32,365,nan,No capacity for team in time needed,
2026-09-16,salesforce,006Te00000Q3M7YIAV,2026-08-24,IMC Trading-3k B300s,accepted_price,,,,No capacity,"Nebius Platform: B300: vCPUs-24, RAM-346",4.6,3000,1097,nan,No U.S. capacity,
2026-09-16,salesforce,006Te00000Q3M7zIAF,2026-08-24,Cline - 32xB200,accepted_price,,,,No capacity,,,,,nan,No capacity available to serve need,
2026-09-16,salesforce,006Te00000Q3MdXIAV,2026-08-24,Cursor - 2k - B300 (Madrid),competitor_named,SpaceX,,,Pricing and Billing Issues,"Nebius Platform: B300: vCPUs-24, RAM-346",5.3,2000,732,nan,"Too expensive for Cursor. Also, they were waiting for the SpaceX acquisition to complete to they could procure compute with a better credit rating.",
2026-09-16,salesforce,006Te00000Q3LlxIAF,2026-08-24,CRL-512x B300 100% upfront,accepted_price,,,,Pricing and Billing Issues,"Nebius Platform: B300: vCPUs-24, RAM-346 | Nebius Platform: H100 SXM with IB",5.1 | 3.85,512 | 32,732 | 15,nan,Pricing/capacity approval delay,
2026-09-16,salesforce,006Te00000QMmDVIA1,2026-08-24,Immediate Need - 144GB - GB or VR,accepted_price,,,GB300,No capacity,,,,,nan,"Immediate US expansion requires GB300s, none available and they are holding on EMEA expansion",
2026-09-16,salesforce,006Te00000Q3LQ5IAN,2026-08-24,Writer– 256 - H200,accepted_price,,,,No capacity,"Nebius Platform: H200: vCPUs-16, RAM-200",3,256,366,nan,No capacity to fit need,
2026-09-16,salesforce,006Te00000Q3LdxIAF,2026-08-24,Cohere– 5040 GB300s US (2nd Deployment),accepted_price,,,,No capacity,"Nebius Platform: GB300: GPU-72 vCPUs-2592, RAM-17280",5.9,5040,732,nan,We are no longer expanding OKC for Cohere to contract additional 5040,
2026-09-16,salesforce,006Te00000Q3ve6IAB,2026-08-24,OpenProtein.AI– 40 H100s - 12 months,accepted_price,,,B200 | H200,No capacity,Nebius Platform: H100 SXM with IB,2.45,40,366,nan,"Offer was not chosen for H200s, and price was out of budget for B200 auction.",
2026-09-16,salesforce,006Te00000Q3vqdIAB,2026-08-24,Nanyang Biologics 70– H200,accepted_price,,,,No capacity,"Nebius Platform: H200: vCPUs-16, RAM-200 | Nebius Platform: H200: vCPUs-16, RAM-200 | Nebius Platform: H200: vCPUs-16, RAM-200",3.5 | 3.73 | 1.85,8 | 8 | 8,11 | 11 | 11,nan,do not have the capacity they need and we are of higher price,
2026-09-16,salesforce,006Te00000Q3vroIAB,2026-08-24,"Figure AI - 2,000xB300 - 2 yr",competitor_named,Nscale,,VR,Competitor chosen,"Nebius Platform: B300: vCPUs-24, RAM-346",5.1,2000,732,nan,"ended up signing for 1/3rd GW of VRs with Nscale to be delivered starting in Q2 2027. Nscale allowed them to pay for ~50% of the TCV in Figure Series C compute, and I told them we wouldn't be able to justify that given our pipeline. I recommended they get aggressive on SLA and term for convenience clauses given how unproven Nscale is and Rohil said he took my advice and did that, so he wants to keep the conversation warm so they can pivot to us if needed (will probably be too late for them by that point). He also said they’re targeting 1GW of secured compute within the next 6 months and believ",
2026-09-16,salesforce,006Te00000Q3LyuIAF,2026-08-23,VeedaLabs - 256 H200s- 24 months - 50% prepayment,accepted_price,,,,No capacity,"Nebius Platform: B300: vCPUs-24, RAM-346",5.2,256,366,nan,Closing out because we could not secure the compute they needed. Near-term capacity was already allocated or dependent on other deals falling through. Their terms were also not strong enough to beat higher-priority/higher-prepay allocation requests.,
2026-09-16,salesforce,006Te00000Q3MMrIAN,2026-08-22,"Generalist-512x B300-1yr, 100% prepay upsell",accepted_price,,,,No capacity,"Nebius Platform: B300: vCPUs-24, RAM-346 | Nebius Platform: B300: vCPUs-24, RAM-346",5.52 | 7.1,512 | 16,366 | 443,nan,No cloud capacity in Minnesota,
2026-09-16,salesforce,006Te00000Q3Lb3IAF,2026-08-21,Cellulax – #512 – B300,competitor_quote,undisclosed,3.00,B300,Pricing and Billing Issues,,,,,nan,"Not serious buyer, expecting $3+ for B300s. Suggested he stick with his current offers.",
2026-09-16,salesforce,006Te00000QAjeuIAD,2026-08-21,"Timebean, Inc.– 340 - H200 (Kansas)",accepted_price,,,,Other,"Nebius Platform: H200: vCPUs-16, RAM-200",3.06,336,366,nan,Lost to capacity allocation to other AI native startup.,
2026-09-16,salesforce,006Te00000Q3LbIIAV,2026-08-17,OpenRelay – 24 – B200,accepted_price,,3.00,B200,Other,,,,,nan,"OpenRelay was prepared to move forward with a 6-month commitment for 30 RPS at $3,000/RPS/month. At the performance level achieved, we were able to sustain the required workload with approximately 36 B200 GPUs rather than the target 24 GPUs. Internally, we had a workable bridge plan to contract 24 GPUs, temporarily provide the additional capacity, and optimize performance toward the target of 1.25 RPS/GPU.  Ultimately, we did not lose the opportunity due to performance or our ability to structure the bridge capacity. The end customer decided not to proceed with the interim deployment and is ",
2026-09-16,salesforce,006Te00000Q3M2oIAF,2026-08-15,Black Forest Labs– 512 B200,accepted_price,,,,Other,"Nebius Platform: B200: vCPUs-20, RAM-224",4.7,512,1097,nan,No capacity approval,
2026-09-16,hubspot,505461598419,2026-08-06,Standard Intelligence & Mithril,accepted_price,,,,NO_CAPACITY;Competitor Chosen,B300,5.35,4000,365,,"Customer originally desired Nebius, but we couldn't provide them cap approval",
2026-09-16,hubspot,508544968942,2026-08-05,Osmosis,accepted_price,,,,NO_CAPACITY,H200,2.75,64,549,,They went to another cloud for the capacity ,
2026-09-16,hubspot,514044096732,2026-08-05,Inference.ai,accepted_price,,,,NO_CAPACITY,B300,5.5,1000,1825,,Customer looking for capacity in US before EOY,
2026-09-16,hubspot,509157706976,2026-08-04,General Reasoning,accepted_price,,,H200,NO_CAPACITY,H200,2.7,128,365,,the requirement was to move to 512 H200s in total; we could not grant that at the same DC,
2026-09-16,hubspot,512059699388,2026-08-04,After Labs,accepted_price,,,H100,NO_CAPACITY,H100 SXM,2.5,40,364,,"No capacity for reservations on H100s in Finland, will continue with PAYG",
2026-09-16,hubspot,508123111654,2026-08-03,Jane Street,accepted_price,,,,NO_CAPACITY,GB300,5.25,5040,1096,,"We had discussed this expansion with JS when we thought that OKC was going to be able to expand. Since then, we have learned that expansion in OKC is not possible.   We continue to discuss additional capacity with JS through various avenues. ",
2026-09-16,hubspot,501541159127,2026-08-03,Shanda,accepted_price,,,,NO_CAPACITY,H200 | Standard Object Storage,2.51 | 0.02,788 | 300,364 | 364,,no short term suitable capacity,
2026-09-16,hubspot,512147279088,2026-07-29,Mind Robotics,accepted_price,,,,NO_CAPACITY,B300,5.46,272,364,,"Even with the reduced volume to match that of the SandAI allocation, Nebius delays in confirming capacity past the expected Friday, July 24 meeting forced them to make more certain decisions.",
2026-09-16,hubspot,510450385127,2026-07-28,Cursive & NVIDIA,competitor_quote,Nscale,4.00,B200,Competitor Chosen,H100 SXM | H100 SXM,2.67 | 0,184 | 16,91 | 4,,Nscale - offered short term B200s for three months at 'close to $4',
2026-09-16,hubspot,509451364539,2026-07-22,Ubisoft Entertainment,accepted_price,,,,Qualification Oversights,B300,5.5,5000,365,,Looing for bare metal - They confirmed on the call that the 50k GPU they were trying to acquire were for an external customer (not Ubisoft’s own needs) and that they required bare metal capacity only. This opportunity is no longer alive.,
2026-09-16,hubspot,508406743240,2026-07-21,Boltz,accepted_price,,,,NO_CAPACITY,H200 | H100 SXM | B300,2.95 | 0 | 0,216 | 16 | 16,365 | 3 | 3,,216 GPUs approval is not sufficient for their plans; they are moving with a competitior available to provide up to 512 GPUs,
2026-09-16,hubspot,509450335476,2026-07-20,Particle AI,accepted_price,,,B300,Competitor Chosen,B200,5.58,80,365,,Quickly looking for long term capacity as their short-term 2 month reservation was ending and did not wish to renew. Opted to go with an unnamed B300 provider for lower cost,
2026-09-16,hubspot,501540219086,2026-07-20,Tailwind.zone,accepted_price,,,B200,NO_CAPACITY,,,,,,Very small B200 opportunity with no available US capacity. ,
2026-09-16,hubspot,505813134584,2026-07-19,Lightricks,competitor_quote,undisclosed,1.00,,Pricing and Billing Issues,B200,5.2,128,364,,even for a 3 years contract we were $1 more expensive ,
2026-09-16,hubspot,509224996064,2026-07-18,Inferinite,accepted_price,,,,NO_CAPACITY,H100 SXM,2.6,160,364,,lost to a existing customer short term expansion,
2026-09-16,hubspot,500421548233,2026-07-17,Onepot.ai,accepted_price,,,,NO_CAPACITY,H100 SXM | Shared Filesystem,2.6 | 0.11,16 | 5,366 | 366,,"Closing this opportunity as a loss due to a lack of available reserved capacity. The OnePot team was prepared to move forward, but we were ultimately unable to secure the reservation because the available capacity was allocated elsewhere. We will continue to stay in touch with the customer and re-engage if additional reserved capacity becomes available.",
2026-09-16,hubspot,502452930781,2026-07-17,Agile Robots & NVIDIA,accepted_price,AWS; Deutsche Telekom,,,Competitor Chosen,RTX6000 | B300 | B300 | RTX6000 | RTX6000 | B200,0 | 4.7 | 0 | 1.5 | 0 | 0,8 | 512 | 32 | 48 | 8 | 16,17 | 1095 | 27 | 1186 | 17 | 17,,"Agile went with their incumbent providers Deutsche Telekom (NVidia AI Industrial cloud) for baseline capacity and AWS for bursts, despite their engineering ML teams being very happy with us (C-level decision. likely political). We will know more in August",
2026-09-16,hubspot,505729536232,2026-07-16,Diabolocom,accepted_price,,,H100 | H200,NO_CAPACITY,RTX6000 | H200,1.62 | 3.5,16 | 16,365 | 56,,no capacity in either RTX or h100 or h200. The client will eventually use PAYG but he said he will migrate to another cloud with more flexiblity than nebius,
2026-09-16,hubspot,508411805886,2026-07-15,RTB House,competitor_named,TPUs,,,Competitor Chosen,B300 | H100 SXM,4.8 | 3.85,32 | 64,1096 | 1096,,attractive pricing offer for TPUs,
2026-09-16,hubspot,505668384962,2026-07-13,Pika,accepted_price,,,H200,NO_CAPACITY,H200,2.9,128,365,,Customer was ready to sign for H200s but no capacity ,
2026-09-16,hubspot,504551092465,2026-07-13,Y Combinator,accepted_price,,,,Qualification Oversights,B300,5.6,1500,366,,"Y Combinator is evaluating a large GPU cluster to support the infrastructure needs of its portfolio companies. Their ideal model is to have an offtake partner that can utilize any excess capacity not consumed by YC-backed startups.  We worked with our Partnerships and VC teams to explore a structure where Mithril could potentially contract for the capacity while YC portfolio companies would be the end users. The primary challenge is that the consumption would be spread across many independent YC-backed companies, making the commercial structure and long-term capacity commitments more complex. ",
2026-09-16,hubspot,500641518828,2026-07-10,Ineffable Intelligence & NVIDIA,accepted_price,GCP,,VR,NO_CAPACITY,B300 | RTX6000,5.5 | 1.6,256 | 256,180 | 180,,they wanted capacity before what we could offer (December/January for Madrid/Israel). Ideally in next month or two for 6 months when their VRs on GCP kick iin,
2026-09-16,hubspot,502092049615,2026-07-10,Simudyne,accepted_price,,,H100,NO_CAPACITY,H100 SXM,2.1,32,364,,no h100 capacity,
2026-09-16,hubspot,508125997261,2026-07-09,Plata Card,accepted_price,,,,NO_CAPACITY,,,,,,Needed Ondemand ,
2026-09-16,hubspot,505434423501,2026-07-09,InferLean,accepted_price,,,,NO_CAPACITY,RTX6000,2.08,100,364,,Customer needed immediate capacity which we dont have. They are an existing PAYG customer. ,
2026-09-16,hubspot,508411873493,2026-07-07,noeri.ai,accepted_price,,,,NO_CAPACITY,H100 SXM,2.95,210,184,,We initially told them we didn't have capacity for this as the 210 cards coming available in August weren't confirmed - they secured compute with another provider.,
2026-09-16,hubspot,498986690761,2026-07-06,Catepillar & Caterpillar,accepted_price,Coreweave,,VR,NO_CAPACITY;Customer Disengagement or Cancellation,GB300 | B300,5.79 | 0,1152 | 16,731 | 14,,We don't have capacity and CAT was dragging their feet. Likely lost to Coreweave if they are able to come up with capacity. Might reopen as a VR opp.,
2026-09-16,hubspot,505034759370,2026-07-06,Prometheus Industries,accepted_price,,6.10,GB300,NO_CAPACITY,GB300,6.1,11016,365,,"Project Prometheus is ready to move forward with 20,000 GB300s in the US at $6.10/hr for a 12 month term with 30% upfront.   This deal targets OKC expansion but that expansion is already allocated to Cohere & Jane Street. I will remain close with Project Prometheus and work towards targeting other US capacity to create a new deal.",
2026-09-16,hubspot,505111392442,2026-07-06,Anysphere (Cursor),competitor_named,SpaceX,,,Pricing and Billing Issues;Competitor Chosen,B200 | Shared Filesystem,5.06 | 0.11,2000 | 2000,364 | 103,,"Lost because Cursor/SpaceX acquisition isn't finalized and funds aren't available. Also, SpaceX is offering stopgap compute for Cursor.",
2026-09-16,hubspot,507757597908,2026-07-05,ProRata,competitor_named,Together,,,Competitor Chosen,RTX6000,1.62,8,365,,Customer was able to secure on demand node at Together,
2026-09-16,hubspot,497261604032,2026-07-03,Neutrino It Technologies (p) & Optiver & NVIDIA,accepted_price,,,VR,Insufficient Capabilities,"B300 | Non-GPU AMD Epyc Genoa, vCPU-256, RAM-1024 (Copy) | Bare Metal: Vera Rubin NVL72 (Preliminary) | B300 | Standard Object Storage (Copy) | Non-GPU AMD Epyc Genoa, vCPU-256, RAM-1024 | Standard Object Storage | Standard Object Storage | Non-GPU AMD Epyc Genoa, vCPU-256, RAM-1024",5 | 4.75 | 6 | 5 | 0.02 | 4.75 | 0.02 | 0.02 | 4.75,512 | 1564 | 1000 | 1000 | 40000 | 1564 | 25000 | 40000 | 782,153 | 578 | 578 | 365 | 943 | 365 | 153 | 365 | 153,,"Optiver — Deal Closed (Lost) | June 2026  Reason for closure: Optiver's CPU co-location requirement (~200,000 cores alongside 512 GPUs) is 30-40x the standard neocloud reference architecture and cannot be fulfilled by Nebius or any neocloud in 2026. Following deep internal analysis across the capacity, infrastructure, and technical teams, and alignment with the NVIDIA account team who are closely embedded with Optiver, the conclusion was clear — this requirement is not achievable in cloud infrastructure today.  NVIDIA alignment: NVIDIA's guidance to all neoclouds is to operate within a standar",
2026-09-16,hubspot,506976085216,2026-07-01,Standard Intelligence & Mithril,accepted_price,Azure; GCP; TPUs,,,NO_CAPACITY,B300 | B200,5.56 | 5.06,376 | 1000,26 | 365,,"Customer had offers for guaranteed capacity from both Azure and GCP, and ended up taking GCP's 2.5k TPUs starting immediately.",
2026-09-16,hubspot,505724781807,2026-07-01,Wayve,competitor_quote,Azure; CoreWeave,3.75 | 4.30 | 3.75,B200 | B300 | H100,Pricing and Billing Issues,B300,4,1000,1095,,"Here's a CRM entry you can drop straight in:  Account: Wayve Technologies Stage: Closed Lost Close reason: Price — unable to match competitor offer Date: June 2026 Decision maker: Kyle Esecson, Head of Commercial Strategy. Alex Persin (AI Infra Tech Lead) involved on technical validation. Ultimate sign-off with Alex Kendall (CEO). Competitor: CoreWeave Competitor offer (as disclosed by Kyle):  B300s at sub-$3.75/GPU/hr 3-year term with 20-30% upfront payment Price adjustment mechanism at 12-18 months if benchmark pricing drops Unconditional upgrade clause if material benefit to Wayve Starting ",
2026-09-16,hubspot,505724781807,2026-07-01,Wayve,accepted_price,Azure; CoreWeave,3.75 | 4.30 | 3.75,B200 | B300 | H100,Pricing and Billing Issues,B300,4,1000,1095,,"Here's a CRM entry you can drop straight in:  Account: Wayve Technologies Stage: Closed Lost Close reason: Price — unable to match competitor offer Date: June 2026 Decision maker: Kyle Esecson, Head of Commercial Strategy. Alex Persin (AI Infra Tech Lead) involved on technical validation. Ultimate sign-off with Alex Kendall (CEO). Competitor: CoreWeave Competitor offer (as disclosed by Kyle):  B300s at sub-$3.75/GPU/hr 3-year term with 20-30% upfront payment Price adjustment mechanism at 12-18 months if benchmark pricing drops Unconditional upgrade clause if material benefit to Wayve Starting ",
2026-09-16,hubspot,502226011373,2026-07-01,TD Synnex & Walleye Capital & Cambridge Computer,accepted_price,,,H200,Customer Disengagement or Cancellation,H200 | Enhanced Throughput Object Storage | H200,2.6 | 0.13 | 0,512 | 30 | 8,365 | 367 | 7,,Walleye went and secured immediate H200 capacity elsewhere to validate their workflows. They ended up reserving this capacity with the other provider and are testing to see if they want to expand on H200s or Blackwell. They are not ready to move forward with this capacity at this moment. Closing out and will re-open a new opp once they have certainty on what they want their compute footprint to be. ,
2026-09-16,hubspot,505034233030,2026-07-01,Wayve & NVIDIA,accepted_price,,,H100,NO_CAPACITY,H100 SXM,2.3,2000,364,,"Wayve wanted a minimum 256 H100s now, ramping up to 1k by end of year. Not something we can commit to due to capacity constraints and not knowing if clients will renew current H100 contracts or not.",
2026-09-16,hubspot,501228686541,2026-07-01,FAR AI,accepted_price,,,B200 | B300 | H200,NO_CAPACITY;Competitor Chosen,H200 | Shared Filesystem,3.1 | 0.11,64 | 125,366 | 366,,"Far was prepared to move forward; however, we were unable to fully meet their infrastructure requirements. If they were going to deploy H200s, their environment required 128 GPUs, and we were only able to allocate 64 GPUs, which did not meet their deployment needs.  From the outset, the customer's preferred platform was NVIDIA Blackwell (B200) due to its stronger alignment with their workloads and overall performance-per-dollar. When another provider was able to deliver the full B200 deployment, the customer elected to move forward with that solution.  Although we did not win this opportunity,",
2026-09-16,hubspot,466725314790,2026-06-29,Constructor,accepted_price,,,,Customer Disengagement or Cancellation,RTX6000 | RTX6000,0 | 1.35,16 | 16,16 | 184,,customer unresponsive once capacity timeline communicated,
2026-09-16,hubspot,503790204105,2026-06-29,Learning Machine,accepted_price,,,,NO_CAPACITY,H100 SXM,2.4,512,365,,See deal update,
2026-09-16,hubspot,504551935189,2026-06-29,PaleBlueDot.AI,accepted_price,,,,NO_CAPACITY,H200,2.51,784,364,,"customer wanted 788 , we only have 96 to offer , they didnt move ahead",
2026-09-16,hubspot,503197607154,2026-06-26,BLACKBOX AI,accepted_price,,,,Customer Disengagement or Cancellation,B200,4.25,360,30,,BlackBox lost their customer to which they no longer needed this capacity. We are going to continue to partner with them and work together as partners on future opportunities ,
2026-09-16,hubspot,502453822665,2026-06-24,engram-lab.com,accepted_price,,,,NO_CAPACITY,B300,4.75,128,1096,,"capacity timeline untenable, went with MSFT. have asked for future availability Q4 and beyond",
2026-09-16,hubspot,501539471569,2026-06-23,Core Automation & NVIDIA,competitor_quote,Lightning,3.50 | 5.90,B200 | GB300,Competitor Chosen,GB300,6,504,365,,Due to uncertainity of approval Core chose to contract with Lightning AI for a large B200 cluster at $3.5/hr and a 6 month contract for ~1200 Gb300s with PaleBluedot (~$5.9/hr) ,
2026-09-16,hubspot,505465797868,2026-06-23,agency enterprise studio,accepted_price,,,H100 | H200,NO_CAPACITY,"H100: vCPUs-64, RAM-200",2.69,64,364,,"Required H200 in us-central. Offered H100 cap in finland and ae studio declined, moved fwd with Runpod.",
2026-09-16,hubspot,495181733052,2026-06-23,Voicenter & IIA,accepted_price,,,,NO_CAPACITY,B200,2.5,16,91,,Dont need it at the end,
2026-09-16,hubspot,502036627664,2026-06-23,Databricks,accepted_price,,,,NO_CAPACITY,B300,5.56,256,364,,"Databricks required 1,700 Bx00 capacity in the US as a hard requirement; we only had capacity in Paris. ",
2026-09-16,hubspot,505032091847,2026-06-23,Wayve & NVIDIA,accepted_price,,,H100,NO_CAPACITY,H100 SXM,2.3,128,365,,They decided that 128 H100 GPUs that we were offering wasn't enough for what they wanted (closer to 1k GPUs),
2026-09-16,hubspot,507073792243,2026-06-22,AMP PBC,accepted_price,,,,NO_CAPACITY,B300,5.29,1104,365,,capacity distributed elsewhere,
2026-09-16,hubspot,505745927407,2026-06-22,Bending Spoons,accepted_price,Scaleway,,B200 | B300,Competitor Chosen;NO_CAPACITY,B300,5.7,16,364,,Getting B300s from Scaleway on Wednesday. Wanted to reserve B200 in Israel but no capacity available to reserve. ,
2026-09-16,hubspot,500078284002,2026-06-18,Edison Scientific,competitor_named,AWS,,,Competitor Chosen,B300,5.57,200,365,,"AWS was inferred as the competitor chosen. Customer informed us they selected the other provider due to (1) hardware availability timeline and price, and (2) GTM co-incentives. AWS has an HCLS Bus Dev team willing to make strategic customer introductions and support test integrations through credits and discounts, which we believe drove the ultimate reason for the other partnership.",
2026-09-16,hubspot,498499697868,2026-06-18,Baseten,accepted_price,,,,Pricing and Billing Issues,"B200 | Network disk | Network Non-replicated disk | Non-GPU AMD Epyc Genoa, vCPU-32, RAM-128 | Public IPv4 address",4.3 | 0.1 | 0.07 | 0.79 | 0,640 | 128 | 240 | 10 | 90,1096 | 0 | 365 | 0 | 0,,"We lost this renewal following the updated 3yr pricing proposal. Baseten operates in a highly margin-sensitive market and sources capacity from +24 cloud providers, many of which offer lower pricing. They requested rates below our approved pricing matrix, which we were unable to justify. In addition, Baseten has not provided clear renewal commitments despite multiple opportunities to do so. As a result, the capacity will be reallocated to other opportunities.",
2026-09-16,hubspot,504047853765,2026-06-15,HELIOS HOMOEOPATHY LIMITED,accepted_price,,,H200,NO_CAPACITY,,,,,,"They were on board with H200 pricing and region, August time frame worked but they couldn't commit to a volume in time for me to add line items and add them to deal prio sheet",
2026-09-16,hubspot,501541692620,2026-06-12,Heidi,accepted_price,,,B300,NO_CAPACITY;Pricing and Billing Issues,B200,5.5,8,364,,Only keen on on-demand as starting point + no B300 capacity,
2026-09-16,hubspot,505109792968,2026-06-12,Profluent,accepted_price,,,H200,NO_CAPACITY,B200,5.2,128,365,,Customer wanted 256 h200 and needed asap. Signed with alternative vendor due to lack of capacity,
2026-09-16,hubspot,502454165737,2026-06-08,Humanoid,accepted_price,,,H100,NO_CAPACITY,H200 | H100 SXM | B300,3.15 | 2.65 | 0,8 | 8 | 16,168 | 168 | 7,,found reservable H100 capacity elsewhere,
2026-09-16,hubspot,503207066834,2026-06-05,Bitdeer,accepted_price,,,,NO_CAPACITY;Pricing and Billing Issues,H200,2.1,512,730,,Capacity not allocated due to lower customer bid,
2026-09-16,hubspot,498501128393,2026-06-04,Saudi Data and Artificial Intelligence Authority,accepted_price,,,,Insufficient Capabilities,B300 | H200 | RTX6000,6 | 3 | 2,256 | 56 | 64,365 | 365 | 365,,Need capacity in KSA which we do not have.,
2026-09-16,hubspot,498045449410,2026-06-04,Interhash,accepted_price,,,,NO_CAPACITY,H100 SXM,1.91,32,364,,We did not have the capacity and they didn't want to given our price.,
2026-09-16,hubspot,502455398642,2026-06-02,Basecamp Research,accepted_price,,,,Pricing and Billing Issues;NO_CAPACITY,B300,5.7,400,184,,Both the capacity wasn't available for the short term reserve and the price points weren't agreeable,
2026-09-16,hubspot,500883169504,2026-06-02,Mithril,competitor_quote,undisclosed,3.00,B200,Pricing and Billing Issues,B200,4.93,128,365,,"Renewal pricing remains too high for Mithril, and they have decided not to move forward and release the capacity. Given their business model, they are highly margin-sensitive and have received quotes from competing providers in the mid-$3 range for B200 capacity and will procure elsewhere.",
2026-09-16,hubspot,500883169504,2026-06-02,Mithril,accepted_price,,3.00,B200,Pricing and Billing Issues,B200,4.93,128,365,,"Renewal pricing remains too high for Mithril, and they have decided not to move forward and release the capacity. Given their business model, they are highly margin-sensitive and have received quotes from competing providers in the mid-$3 range for B200 capacity and will procure elsewhere.",
2026-09-16,hubspot,505034819814,2026-06-02,whitecircle.ai,competitor_quote,AWS; Scaleway,4.30 | 4.00,,Pricing and Billing Issues,B300,5.1,80,365,,lost for pricing reasons. They got offered :  AWS 4.3$ prepay idk Scaleway 4$ with prepay,
2026-09-16,hubspot,501727657174,2026-05-29,NEC Labs America,accepted_price,,,B200 | H100,NO_CAPACITY,,,,,,NEC was looking for H100s or B200s in Israel; close lossing due to capacity ,
2026-09-16,hubspot,504434120902,2026-05-29,Flapping Airplanes,accepted_price,,,B300,NO_CAPACITY;Competitor Chosen,B300,5.65,1024,,,Customer wanted to go with Nebius but waiting till August 1st deployment date was not feasible. They would like to continue conversations for future needs. However Andromeda was able to priovide capacity in a sooner timeframe.   Also we could have at most supplied 920 B300s and they were able to get a 1024 cluster from Andromeda - if Nebius had compute sooner than August 1st they would have still moved forward at  a lower volume as they are confident Nebius is the superior provider. ,
2026-09-16,hubspot,504550317300,2026-05-29,Chai Discovery,accepted_price,,,,Pricing and Billing Issues,B200,4.7,256,365,,Chai has opted not to renew this capacity due to the recent price increases. They're expanding their relationships with hyperscalers while we work through Rubin & Vera-Rubin options ,
2026-09-16,hubspot,503998770387,2026-05-29,Meristem,accepted_price,,,B300,Pricing and Billing Issues,B300,5.6,256,366,,Unfortunately the gap on price from other offers was to large to make a quick decision for the August B300s - they realize Nebius is the superior priovder and recogonize they likely will suffer moving forward with a cheaper tier 4 provider at a lower cost. However at this stage they need to take this chance. They wish to contiune conversations with Nebius as future capacity comes available.,
2026-09-16,hubspot,502019705039,2026-05-29,Mirai Tech Inc,accepted_price,,,,NO_CAPACITY,H100 SXM,2.65,48,366,,no capacity to support this demand,
2026-09-16,hubspot,501540668604,2026-05-28,Anyscale & MercadoLibre,accepted_price,,,B200 | B300,Pricing and Billing Issues,B300 | B200,5.6 | 5.2,480 | 192,365 | 365,,"Mercado Libre was seeking immediate Blackwell capacity in May to support their training workloads with Anyscale and Nebius. Due to limited near-term availability, we proposed B300 capacity beginning in the fall; however, the later start date and pricing did not align with their priorities, and they ultimately moved forward with another provider that had immediate B200 capacity available.",
2026-09-16,hubspot,496749325561,2026-05-27,Porsche & Voxel51,competitor_named,Azure,,H100,Pricing and Billing Issues;Competitor Chosen,H100 SXM | H100 SXM | H100 SXM | H100 SXM,0 | 0 | 2.85 | 0,16 | 16 | 16 | 16,14 | 3 | 365 | 7,,"Client says they got access to ""plenty"" of H100s through Azure at a highly competitive price point",
2026-09-16,hubspot,504551031007,2026-05-27,internist,accepted_price,,,H200,NO_CAPACITY,H200,2.9,32,365,,need 32 H200 within 3 months,
2026-09-16,hubspot,498499003619,2026-05-20,MicroAGI,accepted_price,GCP,,GB300,Competitor Chosen;Pricing and Billing Issues,RTX6000 | GB300 | Network Non-replicated disk | Network Non-replicated disk | RTX6000,1.44 | 5.83 | 0.04 | 0.07 | 1.44,762 | 144 | 1000 | 1106 | 335,730 | 730 | 730 | 730 | 730,,"We were denied GB300 PoC capacity, and our RTX offer was higher than GCP + egress fees that occur if moving to Nebius",
2026-09-16,hubspot,499544917238,2026-05-20,HeyGen,accepted_price,,3.60,,Competitor Chosen,B300 | Shared Filesystem,5.56 | 0.11,624 | 160,366 | 366,,"Customer agreed to move forward and was prepared to sign, but the opportunity was delayed due to internal capacity allocation and approval timelines. During that process, the customer sourced compute capacity elsewhere to meet their needs at a lower price point.  The customer did not specify which hyperscaler was used, but confirmed that the compute was sourced through a hyperscaler partner at approximately $3.60/hour.",
2026-09-16,hubspot,503569225965,2026-05-20,Kinesis Network,accepted_price,,,,NO_CAPACITY,,,,,,No capacity to support this training run,
2026-09-16,hubspot,501499866349,2026-05-20,Anyscale & Arena,accepted_price,,,B200 | B300,NO_CAPACITY,B200,5.2,328,365,,LM Arena specifically asked for B200s to support their model training efforts beginning end of May/early June. B300s were not an option as they need to start their training cycle in May. Will revisit the B200 discussion if any existing contracts do not renew. ,
2026-09-16,hubspot,498045340899,2026-05-18,,accepted_price,,,,NO_CAPACITY,B300,4.11,4096,1095,,Capacity allocated to other accounts,
2026-09-16,hubspot,502453264631,2026-05-18,H2O.ai,accepted_price,,,H100,Customer Disengagement or Cancellation,H100 SXM,2.9,128,365,,"The H2O.ai team requested GPU capacity, and my contact mentioned there is interest in using Nebius infrastructure for some of their engineering workloads.  Coincidentally, the same day 128 H100s became available (no renewal), I offered the capacity to the H2O.ai team, and they requested a quote. After internal review on their side, they came back saying they currently need only one node, with the possibility of scaling in the future.  Given the small initial requirement, I suggested they use on-demand capacity for now.",
2026-09-16,hubspot,502037064914,2026-05-18,VidMuse,competitor_quote,undisclosed,3.88,,Pricing and Billing Issues;Competitor Chosen,B300,4.55,1024,730,,bare metall vendors with free managed services going at $3.88,
2026-09-16,hubspot,480477164733,2026-05-14,Oumi,accepted_price,,,,NO_CAPACITY,H200,2.95,16,369,,"Tried to use Friendli AI's renewal capacity for this, this ended up going back into the PAYG pool. Adrian advised there is no capacity for this.",
2026-09-16,hubspot,502037508341,2026-05-14,Slingshot AI,accepted_price,,,,NO_CAPACITY,H200,2.9,32,366,,"Tried to use Friendli AI's renewal capacity for this, this ended up going back into the PAYG pool. Adrian advised there is no capacity for this.",
2026-09-16,hubspot,502450714862,2026-05-13,PaleBlueDot.AI & Canopy Cloud,accepted_price,,,,NO_CAPACITY,B300,5.5,1046,365,,No Immediate capacity,
2026-09-16,hubspot,496749251809,2026-05-11,AlterEgo,accepted_price,,,B200 | B300,NO_CAPACITY,H200,2.95,64,365,,"need H/B200 asap, will revisit B300 discussion later this year",
2026-09-16,hubspot,481523170510,2026-05-11,Speechmatics,accepted_price,,,B300,NO_CAPACITY,B300,0,16,5,,No B300 capacity in near term. Will try and evaluate RTX 6000 instead,
2026-09-16,hubspot,258773657801,2026-05-11,Shanda,competitor_quote,AWS,4.00,B300,Competitor Chosen;Pricing and Billing Issues,B300 | B300 | Standard Object Storage,4.55 | 0 | 0.02,5000 | 16 | 10005,1095 | 7 | 1095,,"Pricing- AWS gave $4 for b300s , we charging at 4.55",
2026-09-16,hubspot,478140092632,2026-05-11,QuiverAI,accepted_price,,,B200 | B300 | H200,NO_CAPACITY,B300,3.45,128,365,,Joan wanted H200/B200 and can't commit to B300 later in the year quite yet,
2026-09-16,hubspot,502036068567,2026-05-11,Sync. (Software Development Applications),accepted_price,,,,NO_CAPACITY,B300,5.56,112,365,,"need capacity asap, open to reconnecting in Q3 for Q1 and beyond capacity as they've heard great things about Nebius perf/reliability/support",
2026-09-16,hubspot,498986718433,2026-05-11,ScatterLab,accepted_price,,,,NO_CAPACITY,H200,2.11,512,364,,"Need 512 , do not want anything smaller",
2026-09-16,hubspot,501314595054,2026-05-08,DARPA & Parallel Works,accepted_price,,,,NO_CAPACITY,Shared Filesystem | H200,0.11 | 3.35,550 | 400,395 | 365,,"Worked with Parallel Works Team, DARPA originally mentioned 56 GPUS but then switched to 56 Nodes; Close Lossing Due to Capacity",
2026-09-16,hubspot,63039649985,2026-05-08,Hpc-Ai,accepted_price,,,,NO_CAPACITY,"Non-GPU AMD Epyc Genoa, vCPU-2, RAM-8 | H100 SXM | Shared Filesystem SSD | Non-GPU AMD Epyc Genoa, vCPU-32, RAM-128 | Network SSD Non-replicated disk",0 | 1.95 | 0 | 0.79 | 0,1 | 80 | 10000 | 2 | 45000,181 | 200 | 180 | 181 | 151,,"Customer is not responsive from the previous AE notes , seems like we do not have the capacity they needed",
2026-09-16,hubspot,459338264782,2026-05-08,"Data Section & Canopy Cloud & DeepInsight Co., Ltd",accepted_price,,,,Insufficient Capabilities,B300 | B300 | B300 | Standard Object Storage | WEKA Shared Filesystem,0 | 3.35 | 0 | 0 | 0.14,512 | 5000 | 24 | 60000 | 17000,137 | 1825 | 10 | 1825 | 1825,,Capacity issue,
2026-09-16,hubspot,501312350434,2026-05-07,Bolt,accepted_price,,,B300,NO_CAPACITY,B300 | B300,5.56 | 0,128 | 32,365 | 13,,"unwilling to explore B300, staying on hoppers which we don't have",
2026-09-16,hubspot,499005130948,2026-05-06,Global-Scale & HoYoverse,competitor_quote,undisclosed,4.70 | 3.00 | 4.00,,Pricing and Billing Issues,B300 | WEKA Shared Filesystem | Shared Filesystem,4.55 | 0.14 | 0.11,5000 | 6144 | 6144,730 | 730 | 730,,$4.7+ GPU-hr proposed vs $3 - low $4 competitor pricing,
2026-09-16,hubspot,501231090885,2026-05-06,Grma International,accepted_price,,,,NO_CAPACITY,,,,,,Customer needed immediate capacity which we don't have.,
2026-09-16,hubspot,498503228607,2026-05-06,TFF Global Investment,accepted_price,,,,Pricing and Billing Issues,B300,5,80,364,,Capacity and needs were aligned but customer found our pricing to be very expensive vs other options available in market and has been ghosting after repeated attempts to connect.,
2026-09-16,hubspot,330241143995,2026-05-06,Basecamp Research,accepted_price,,,,NO_CAPACITY,B300 | B300,4.5 | 0,2048 | 80,62 | 30,,asking for 8-week reserve on 1K Hoppers. Cannot provide no capacity,
2026-09-16,hubspot,499840000230,2026-05-06,ethostech.net & World Wide Technology Singapore & HoYoverse,competitor_quote,undisclosed,4.70 | 3.00 | 4.00,,Pricing and Billing Issues,WEKA Shared Filesystem | B300 | Shared Filesystem,0.14 | 4.55 | 0.11,6144 | 5000 | 6144,730 | 730 | 730,,$4.7+ GPU-hr proposed vs $3 - low $4 competitor pricing,
2026-09-16,hubspot,500641592535,2026-05-05,Be Company,accepted_price,,,B300,NO_CAPACITY,B300 | B300,5.5 | 0,1 | 24,184 | 2,,"Be company was an Nvidia referral that wanted 3 B300 nodes the following day that they contacted us. They were quite pushy and clearly had no idea in how unreasonable their request was. We checked with capacity team and there was nothing available for 2-3 weeks. Be company quickly realised that many other providers were in the same position. They appear to be more of a competator, selling their own compute, potetnially a reseller partner in the future, but would not give us much more information. I would not prioritise this company as a client or partner. ",
2026-09-16,hubspot,501728174281,2026-05-05,Harell Data Corp,accepted_price,,,,NO_CAPACITY,,,,,,no capacity to support this customer ,
2026-09-16,hubspot,498986494142,2026-05-05,Olo Din,accepted_price,,,B200,NO_CAPACITY,B200 | H100 SXM | B300,4.4 | 2.11 | 0,48 | 32 | 16,275 | 182 | 14,,No B200 capacity,
2026-09-16,hubspot,500485516498,2026-05-04,Weave Robotics,accepted_price,,,,NO_CAPACITY,,,,,,no capacity to support this,
2026-09-16,hubspot,472772178118,2026-05-04,Genesis Therapeutics,accepted_price,,,,Qualification Oversights;NO_CAPACITY,,,,,,"This small request was for the NVIDIA Buildathon program leading up to GTC. Ultimately, Genesis was not chosen by NVIDIA to be featured at GTC via Buildathon. At the time, we did not have Blackwells for them to test on anyway. We did just close a 12 month renewal with Genesis though so the work with them continues. ",
2026-09-16,hubspot,500923500782,2026-05-04,Abridge,accepted_price,,,GB300,NO_CAPACITY,GB300 | GB300,6.1 | 0,288 | 72,365 | 4,,"Abridge requires capacity in the US, GB300 capacity has been allocated elsewhere. Will remain in close contact for opportunistic capacity that pops up in the US  ",
2026-09-16,hubspot,454717947106,2026-05-04,Elorian,competitor_quote,undisclosed,3.00,B300,NO_CAPACITY;Pricing and Billing Issues,B300 | B300,3.55 | 0,512 | 32,183 | 18,,Not enough capacity and pricing for what we could offer was too high. Customer went with a 3 year term in the $3/hour range with another provider. These were for B300s. ,
2026-09-16,hubspot,454717947106,2026-05-04,Elorian,accepted_price,,3.00,B300,NO_CAPACITY;Pricing and Billing Issues,B300 | B300,3.55 | 0,512 | 32,183 | 18,,Not enough capacity and pricing for what we could offer was too high. Customer went with a 3 year term in the $3/hour range with another provider. These were for B300s. ,
2026-09-16,hubspot,500644522191,2026-05-02,Liquid AI,accepted_price,,,B200,NO_CAPACITY,B200,5,416,30,,Was part of the monthly B200 Israel capacity race.,
2026-09-16,hubspot,498987372774,2026-05-01,FluidStack MBZ,accepted_price,,,H200,NO_CAPACITY,Network Non-replicated disk | H200,0.07 | 2,20 | 128,328 | 328,,Capacity not approved. Decision has been made to keep all remaining H200 in Iceland for internal use,
2026-09-16,hubspot,494818248951,2026-04-29,Subq.ai,competitor_quote,undisclosed,3.00,,Pricing and Billing Issues,B300,4.3,512,734,,Feels prices are too high - have $3/hr offers from tier 4 providers (Hypertec) that they would rather move forward with ,
2026-09-16,hubspot,495225745596,2026-04-28,Anam.ai,accepted_price,,,,NO_CAPACITY,RTX6000 | RTX6000,0 | 1.4,8 | 48,7 | 365,,"Lost due to low health rate in KCS, less deployment than planned and no capacity for additonal reserves",
2026-09-16,hubspot,467103602897,2026-04-28,Blasetti Ventures,accepted_price,,,,NO_CAPACITY;Qualification Oversights,B300,3.55,2400,365,,"As mentioned in my previous note. There were several red flags with Blasetti. Specifically, no technical team, a vague business plan, and no history leveraging a cluster before. Ultimately, they did not present a strong enough case to prioritize them over the other quality names vying for this capacity. ",
2026-09-16,hubspot,496505501921,2026-04-28,Standard Intelligence & Mithril,accepted_price,,,B300,Cluster Performance,B300 | B300,0 | 5.39,16 | 512,9 | 365,,SI's POC on B300s (via Mithril) did not reach the 4x performance increase they were hoping for compared to hoppers.   SI's investor reached out to Yuly this week inquiring about capacity again for SI. Closing this oppty out for now until we reengage with SI.,
2026-09-16,hubspot,499154599127,2026-04-27,Graphcore,accepted_price,,,B200 | B300,NO_CAPACITY,B300,5.56,128,365,,"Closed lost because Nebius could not meet Graphcore’s required June 1st start date for 128 B200 GPUs, with initial availability only in September and later Paris B300 capacity from August still too late. Graphcore has since signed a GPU capacity agreement with another provider through June 2027, removing the near-term opportunity.",
2026-09-16,hubspot,496651661551,2026-04-27,Ineffable Intelligence & NVIDIA,competitor_quote,Google,5.20,GB200 | VR,Competitor Chosen;Pricing and Billing Issues,B300 | GB300,5 | 4.24,128 | 4680,183 | 1096,,"Closed lost to Google due primarily to a materially stronger commercial and capacity package on the long-term Vera Rubin deployment. Google offered Vera Rubin pricing at just over $5.2/GPU-hr, backed by a $50M investment and senior executive support, and also committed to Vera Rubin availability in Q4 — earlier than Nebius could credibly promise. In addition, Google was able to provide interim GB200 capacity from its own internal usage pool, giving Ineffable a bridge path ahead of Rubin and making the overall offer too strong to displace.",
2026-09-16,hubspot,496651661551,2026-04-27,Ineffable Intelligence & NVIDIA,accepted_price,Google,5.20,GB200 | VR,Competitor Chosen;Pricing and Billing Issues,B300 | GB300,5 | 4.24,128 | 4680,183 | 1096,,"Closed lost to Google due primarily to a materially stronger commercial and capacity package on the long-term Vera Rubin deployment. Google offered Vera Rubin pricing at just over $5.2/GPU-hr, backed by a $50M investment and senior executive support, and also committed to Vera Rubin availability in Q4 — earlier than Nebius could credibly promise. In addition, Google was able to provide interim GB200 capacity from its own internal usage pool, giving Ineffable a bridge path ahead of Rubin and making the overall offer too strong to displace.",
2026-09-16,hubspot,194423700709,2026-04-26,Deep Cogito,accepted_price,,,H100 | H200,NO_CAPACITY,B200 | B200 | H200 | H200 | H200,0 | 0 | 0 | 0 | 2.5,256 | 32 | 256 | 312 | 64,91 | 14 | 23 | 182 | 182,,After H100/H200 capacity - will reenage in August,
2026-09-16,hubspot,435947755742,2026-04-24,Shanda,accepted_price,,,H200,NO_CAPACITY,,,,,,do not have so much h200s and customer is moving on to better model,
2026-09-16,hubspot,500484072641,2026-04-24,Scale Medicine,accepted_price,,,,NO_CAPACITY,H100 SXM,2.65,16,365,,no capacity to support this customer,
2026-09-16,hubspot,499552858345,2026-04-22,runcrate.ai,accepted_price,,,H100,NO_CAPACITY,,,,,,"they needed 1,500 H100's",
2026-09-16,hubspot,495372021953,2026-04-21,SandboxAQ,accepted_price,,,,NO_CAPACITY,,,,,,No Hopper or Blackwell GPUs available in the short term.,
2026-09-16,hubspot,496510187712,2026-04-21,M87,accepted_price,,,H100,NO_CAPACITY,,,,,,No H100s to provision a solution for them.,
2026-09-16,hubspot,496751576259,2026-04-17,Hercules AI,accepted_price,,,,NO_CAPACITY,"H200 | Non-GPU AMD Epyc Genoa, vCPU-16, RAM-64 | L40S Intel",3.17 | 0.4 | 1.54,17 | 13 | 5,365 | 365 | 365,,Needed capacity in US,
2026-09-16,hubspot,488304553195,2026-04-17,ax3.ai inc & Dropbox,accepted_price,,,,NO_CAPACITY,,,,,,Due to capacity regions and lack of availability Nebius did not pass the RFI stage,
2026-09-16,hubspot,481590780093,2026-04-17,Mithril & Causal Labs,accepted_price,,,,NO_CAPACITY,B300,0,1,17,,No capacity for timeframe needed,
2026-09-16,hubspot,498499552503,2026-04-17,H Company,accepted_price,,,H100 | H200,NO_CAPACITY,H200,2.5,16,,,no capacity for 2 nodes of h100 or h200 for a year full 100% prepayment,
2026-09-16,hubspot,498987545828,2026-04-17,Ploid AI,accepted_price,,,,Insufficient Capabilities;NO_CAPACITY,,,,,,we had to say no to this customer because of the lack of capacity,
2026-09-16,hubspot,493472020682,2026-04-16,DMM Group,competitor_named,AWS,,,Competitor Chosen,RTX6000 | H200 | H200,0 | 1.95 | 0,80 | 16 | 16,1095 | 1095 | 6,,"AWS pricing was less attractive but given that its a small testing volume , their procurement insist on working with a existing provider. Will revisit Nebius when they are scaling",
2026-09-16,hubspot,494058944744,2026-04-15,Olo Din,accepted_price,,,,NO_CAPACITY,B200,5,24,29,,Secured capacity but Olo Din took so long to sign that we gave it away. Then last minute they said they'd sign but it was too late.,
2026-09-16,hubspot,404313145572,2026-04-10,Exact Sciences,accepted_price,,,,NO_CAPACITY,B200,3.2,256,365,,capacity timing not aligned,
2026-09-16,hubspot,498371407074,2026-04-10,Standard Intelligence & Mithril,accepted_price,,,B300 | H100,NO_CAPACITY,H100 SXM,2.95,1024,365,,"No H100 capacity needed to support training run, B300s did not meet their performance reqs",
2026-09-16,hubspot,473452148977,2026-04-08,engram-lab.com,accepted_price,,,,NO_CAPACITY,B300,4.29,256,731,,capacity distributed to other customers/TF,
2026-09-16,hubspot,465371790525,2026-04-07,Noetik,accepted_price,,,,NO_CAPACITY;Customer Disengagement or Cancellation,B300 | Network IO M3 disk | Enhanced Throughput Object Storage | Network disk | Shared Filesystem | Network Non-replicated disk,4.48 | 0 | 0 | 0 | 0 | 0,512 | 15 | 10 | 15 | 100 | 15,184 | 14 | 14 | 14 | 14 | 14,,The Noetik team needed capacity on a very short timeline. They were unwilling to wait for about a month to run a PoC. The PoC was required on their end. ,
2026-09-16,hubspot,411340734661,2026-04-07,Andromeda,accepted_price,,,,NO_CAPACITY,B200,3.3,4000,365,,"Andromeda comes to us semi-frequently with large requests. They typically need them on a very short timeline that we cannot meet. We will continue to work with them to capacity plan more effectively, and re-open an opp when the time is right. ",
2026-09-16,hubspot,497262946519,2026-04-07,University of Oxford,accepted_price,,,,NO_CAPACITY,,,,,,no capacity on hoppers,
2026-09-16,hubspot,472772109548,2026-04-07,Buildroid,accepted_price,,,,NO_CAPACITY,H100 SXM,0,8,343,,closed won - the grant has been applied.,
2026-09-16,hubspot,470699407580,2026-04-02,Ambi Robotics,accepted_price,,,,NO_CAPACITY,B300,3.99,128,364,,No U.S. capacity,
2026-09-16,hubspot,466064230592,2026-03-31,FluidStack MBZ,accepted_price,,4.25,B300 | H200,NO_CAPACITY,B300 | Network disk | WEKA Shared Filesystem,4.25 | 0.1 | 0.08,5000 | 1000 | 18000,730 | 730 | 730,,"Client was ready to sign before March 31 on 2 year contract, 5000 * B300 cluster on $4.25 with 50% downpayment. Alternative client / deal was prioritized, therefore had to refuse. MBZUAI went on signing with different provider. Even though the alternative provider (baremetal) was less expensive, MBZUAI till the final moment were open to our offer because of trust and reliability they experience with H200 cluster ",
2026-09-16,hubspot,494818413757,2026-03-31,Liquid AI,accepted_price,,,B300,NO_CAPACITY,B300 | Shared Filesystem,4.7 | 0.11,360 | 500,364 | 364,,No B300 capacity in Paris for summer timeline. ,
2026-09-16,hubspot,486009433318,2026-03-31,Meshy,accepted_price,,,B300,NO_CAPACITY,B300,3.82,800,364,,"After a successful PoC, we do not have B300s in the US for this customer. ",
2026-09-16,hubspot,483392047328,2026-03-28,Voxel51,accepted_price,,,,NO_CAPACITY,H100 SXM,0,16,21,,Partner account,
2026-09-16,hubspot,477975683260,2026-03-27,Sky Pilot & Epic Games,accepted_price,,,B200 | B300,NO_CAPACITY;Customer Disengagement or Cancellation,B300,4,64,365,,"No B200s available and Epic was not open to trying B300s at higher price. Disengaged through SkyPilot, closing out as lost.",
2026-09-16,hubspot,273657681139,2026-03-25,Boltz,accepted_price,,,H100,NO_CAPACITY,H100 SXM,2,128,183,,No H100s to deliver,
2026-09-16,hubspot,495182488825,2026-03-25,myedge.io,accepted_price,,,H100 | H200,Pricing and Billing Issues;NO_CAPACITY,,,,,,WE have no capacity for H100s or H200s and on top of that she confirmed that their price point is much lower as they would resell this to their clients who are also wanting a low price,
2026-09-16,hubspot,486201064664,2026-03-24,whitecircle.ai,competitor_quote,undisclosed,5.25 | 4.30,,NO_CAPACITY,B300,4.92,80,549,,lost deal because of the price. We offered 5.25$ and they got offered by several vendors around 4.3$,
2026-09-16,hubspot,486201064664,2026-03-24,whitecircle.ai,accepted_price,,5.25 | 4.30,,NO_CAPACITY,B300,4.92,80,549,,lost deal because of the price. We offered 5.25$ and they got offered by several vendors around 4.3$,
2026-09-16,hubspot,473541975272,2026-03-24,NextBit256,accepted_price,,,,NO_CAPACITY,H200,2,16,366,,no capacity for this customer,
2026-09-16,hubspot,413523828958,2026-03-19,VISERAI,accepted_price,,,,NO_CAPACITY,,,,,,Viserai is a promising startup that is in talks with a16z. When we spoke to them we did not have the capacity that they needed on the timeline they needed it. They should be in a nurture campaign for 2026.,
2026-09-16,hubspot,489994804455,2026-03-17,HeyGen,competitor_quote,GMI,1.70,H100,Competitor Chosen,H100 SXM,2,256,366,,GMI came in at $1.7 for H100s. Customer chose GMI based on price. ,
2026-09-16,hubspot,442539133149,2026-03-17,SpAItial,accepted_price,,,B200,NO_CAPACITY;Competitor Chosen,B200 | B200 | Shared Filesystem | H200,0 | 3.3 | 0 | 2.26,32 | 32 | 100 | 96,11 | 365 | 11 | 365,,"repeatedly losing capacity (B200s, then RTX)",
2026-09-16,hubspot,480634751222,2026-03-13,Hiddenweights,competitor_quote,undisclosed,0.80 | 1.05 | 1.30 | 1.40,,NO_CAPACITY;Pricing and Billing Issues,RTX6000,1.05,128,364,,"The two reasons this deal didn't close are pricing and capacity restraints.  Capacity: ""Due to ongoing issues in KC we will now be getting less RTX supply than expected for the foreseeable future. We don't have the capacity to approve this ask.  This may change in the future in later q2/q3 once issues, are resolved but for now will need to mark this request as declined due to capacity limitations"" - Adrien Ray  Pricing: The customer wanted to use Nebius but we were going against a competitor that they had a successful POC with for $0.80/hr. They were willing to go up to $1.05 with 100% prepaid",
2026-09-16,hubspot,480634751222,2026-03-13,Hiddenweights,accepted_price,,0.80 | 1.05 | 1.30 | 1.40,,NO_CAPACITY;Pricing and Billing Issues,RTX6000,1.05,128,364,,"The two reasons this deal didn't close are pricing and capacity restraints.  Capacity: ""Due to ongoing issues in KC we will now be getting less RTX supply than expected for the foreseeable future. We don't have the capacity to approve this ask.  This may change in the future in later q2/q3 once issues, are resolved but for now will need to mark this request as declined due to capacity limitations"" - Adrien Ray  Pricing: The customer wanted to use Nebius but we were going against a competitor that they had a successful POC with for $0.80/hr. They were willing to go up to $1.05 with 100% prepaid",
2026-09-16,hubspot,473517571321,2026-03-11,Datadog,accepted_price,,,B200 | B300,NO_CAPACITY,"H200 | B200 | B300 | Non-GPU AMD Epyc Genoa, vCPU-16, RAM-64 | Non-GPU AMD Epyc Genoa, vCPU-16, RAM-64",3.5 | 3.5 | 7.1 | 0.4 | 0.4,16 | 128 | 8 | 24 | 24,5 | 184 | 7 | 7 | 6,,"Datadog infra procurement team needed immediate 128 B200 cluster in US location with March/April start date. Suggested B300s in late summer as alternative but will not work due to urgent need. Closing out to due to capacity, will revisit discussion with them this summer.",
2026-09-16,hubspot,488759735542,2026-03-11,Standard Intelligence & Mithril,accepted_price,,,,NO_CAPACITY,B300,5.05,1024,365,,"no capacity, they settled for Prime Intellect",
2026-09-16,hubspot,409394800878,2026-03-10,iSono Health,accepted_price,,,H100,NO_CAPACITY,H100 SXM,1.7,64,181,,"no H100s, not ready for Blackwell",
2026-09-16,hubspot,406548405441,2026-03-10,Cisco Systems & SHI International,accepted_price,,,,NO_CAPACITY,,,,,,Killing this until we have viable capacity to deliver,
2026-09-16,hubspot,409394800880,2026-03-10,Aimlabs,accepted_price,,,B200 | B300,NO_CAPACITY,B200,3.2,32,182,,"no B200s, not sold on B300 TCO for their use case",
2026-09-16,hubspot,442374226145,2026-03-09,Abinitia Labs (Stealth mode),accepted_price,,,H100 | H200,NO_CAPACITY,H100 SXM,1.85,128,181,,No H100/H200 Capacity,
2026-09-16,hubspot,490012319987,2026-03-06,Sellnet,accepted_price,,,H100,NO_CAPACITY,H100 SXM,2.11,400,184,,No capacity of H100s,
2026-09-16,hubspot,486004873465,2026-03-03,Piris Labs,accepted_price,,,H200,NO_CAPACITY,H200,2.2,16,365,,"Account: Piris Labs AE: Brea TCV: $309,196.80 Stage Outcome: Closed Lost Reason: Lack of Capacity  Notes:  * No H200 Capacity available in USA   Next Steps / Follow-Up:  * Needs US capacity - none available. Will stay in contact as things change ",
2026-09-16,hubspot,436559920347,2026-03-03,University of Cambridge,accepted_price,,,,NO_CAPACITY,B300,0,64,13,,Could not support due to lack of hoppers,
2026-09-16,hubspot,465990156523,2026-03-03,Resemble AI,accepted_price,,,,NO_CAPACITY,B300,4,8,184,,Not able to serve order - will keep in touch with CEO for when they have a more broad need,
2026-09-16,hubspot,409103646931,2026-03-03,Phare Health,accepted_price,,,B200 | H200,NO_CAPACITY,H100 SXM,1.7,128,152,,"no H200s (primary want), not sold on B200 TCO for use case",
2026-09-16,hubspot,201955379444,2026-03-03,University of Oxford,accepted_price,,,,NO_CAPACITY,H200,1.75,64,364,,Could not provide due to lack of Hoppers,
2026-09-16,hubspot,452561605879,2026-03-03,Laude Institute,accepted_price,,,H100,NO_CAPACITY,H100 SXM,1.8,64,183,,"Account: Laude Institute AE: Brea TCV: $508,723.20 Stage Outcome: Closed Lost Reason: Lack of Capacity  Notes:  * No H100 Capacity available   Next Steps / Follow-Up:  * Scheduling GTC meeting with Startups team to dig into creative ways we can help with both their slingshots and moonshot group  ",
2026-09-16,hubspot,468794536178,2026-03-03,Seltz,accepted_price,,,H100,NO_CAPACITY,,,,,,"Will keep in contact with team - possible ToFa opportunity, sent to ToFa team.   Requested to reserve 4 nodes of H100 but no capacity ",
2026-09-16,hubspot,466416193761,2026-02-26,Inceptron,accepted_price,,,,NO_CAPACITY,H200,1.8,64,365,,no capacity to fullfill their need,
2026-09-16,hubspot,466420511967,2026-02-26,Modal Labs,accepted_price,,,,NO_CAPACITY,H100 SXM,1.5,2560,364,,Not available,
2026-09-16,hubspot,420935396579,2026-02-26,Bria,competitor_named,AWS,,,Competitor Chosen,H200 | Shared Filesystem,1.8 | 0.02,128 | 5000,364 | 364,,"Decide to go with AWS although we were the vendor of choice, mainly due to GTM alignment     ",
2026-09-16,hubspot,461107103976,2026-02-25,SK Telecom & Penguin Solutions,accepted_price,,,,NO_CAPACITY,B200 | B300 | WEKA Shared Filesystem | Shared Filesystem,4.25 | 4.25 | 0.14 | 0.11,1200 | 1200 | 3000 | 3000,122 | 364 | 184 | 184,,No Capacity  available,
2026-09-16,hubspot,454161618161,2026-02-25,Mithril,accepted_price,,,B200 | B300,Customer Disengagement or Cancellation;NO_CAPACITY,B200,3.4,64,181,,"ML Foundry initially requested 64 B200 GPUs to expand their existing cluster in response to increased demand. However, they have not been able to commit to a final decision. Given the current capacity constraints, I am closing out this request. I also proposed B300 GPUs as a potential alternative.",
2026-09-16,hubspot,462065421546,2026-02-24,Character.ai,accepted_price,,,B200 | B300,NO_CAPACITY,B200 | B200,3.55 | 3.55,128 | 128,66 | 66,,"Account: Character.ai AE: Brea Browne TCV: 1,600,000 Stage Outcome: Closed Lost Reason: Lack of Capacity  Notes: B200 capacity went to Rhoda Advised on B300 June Relationship ended sour  Next Steps / Follow-Up: Character said ""we are done with Nebius""",
2026-09-16,hubspot,475463275733,2026-02-24,WEKA,accepted_price,,,B200,NO_CAPACITY,B200,3.6,32,29,,B200 capacity went to another deal before IIA move in,
2026-09-16,hubspot,474622566592,2026-02-24,Mithril & Causal Labs,accepted_price,,,B300 | H100,NO_CAPACITY,H100 SXM | H100 SXM,1.8 | 1.8,1024 | 512,367 | 59,,"Account: Casual Labs AE: Brea Browne TCV: 17,606,246.40 Stage Outcome: Closed Lost Reason: Lack of Capacity  Notes: No H100 capacity  Advised on B300 June Feel H100s are better suited for their models  Next Steps / Follow-Up:  Casual is on the hunt for H100 - will entertain B300 if they can't find any.  Aiming for conversation at GTC",
2026-09-16,hubspot,472984625345,2026-02-24,sublinear.systems,accepted_price,,,B300 | H200,NO_CAPACITY,H200,2.2,256,367,,"Account: Sublinear AE: Brea Browne TCV: 4,990,000 Stage Outcome: Closed Lost Reason: Lack of Capacity  Notes: No H200 Capacity - won by AMI Advised on B300 June Feel Hoppers are better suited for their model  Next Steps / Follow-Up: Sublinear is on the hunt for H200 - will entertain B300 if they can't find any.  ",
2026-09-16,hubspot,468617145564,2026-02-24,Tacit,accepted_price,,,B200 | B300,NO_CAPACITY,B200,3.6,48,66,,"Account: Tacit AE: Brea Browne TCV: 207,000 Stage Outcome: Closed Lost Reason: Lack of Capacity  Notes: B200 capacity was given to another account while we wait for IIA Advised on B300 June  Next Steps / Follow-Up: Will touch base with team in 30 days or sooner to see if they have any luck finding capacity in the near term ",
2026-09-16,hubspot,465861424361,2026-02-23,Runway,accepted_price,,,,NO_CAPACITY,H200 | H200,1.9 | 3.5,2048 | 32,549 | 14,,"Deal was won, but AMI was given the capacity",
2026-09-16,hubspot,443118371003,2026-02-17,,accepted_price,,,,NO_CAPACITY,B300,3.6,2048,365,,Cursor prioritized,
2026-09-16,hubspot,461107140809,2026-02-17,Core Automation,accepted_price,,10.00,,NO_CAPACITY,H200 | H200 | Shared Filesystem | Network disk | Network IO M3 disk | Network Non-replicated disk,1.9 | 0 | 0 | 0 | 0 | 0,1208 | 32 | 200 | 15 | 15 | 15,185 | 14 | 14 | 14 | 14 | 14,,"Account: Core Automation AE: Brea Browne TCV: $10,245,772.80 Stage Outcome: Closed Lost Reason: Lack of Capacity\  Notes:  Capacity went to AMI Before AMI signed, Core Automation signed with a different provider Advised to discuss June capacity   Next Steps / Follow-Up:  Re-engage in a few weeks to discuss summer capacity Scheduling Dinner for GTC",
2026-09-16,hubspot,466803290354,2026-02-17,Core Automation,accepted_price,,4.00,,NO_CAPACITY,B200,3.9,512,92,,"Account: Core Automation AE: Brea Browne TCV: $4,300,000 Stage Outcome: Closed Lost Reason: Lack of Capacity  Notes:  Capacity went to AMI Before AMI signed, Core Automation signed with a different provider Advised to discuss June capacity   Next Steps / Follow-Up:  Re-engage in a few weeks to discuss summer capacity Scheduling Dinner for GTC",
2026-09-16,hubspot,436176816347,2026-02-17,Morpheus AI,accepted_price,,,B300 | H200,NO_CAPACITY,H200 | Shared Filesystem,1.75 | 0.11,384 | 300,184 | 184,,"Denied by the capacity team for H200s for the coming months. Working to pivot to preselling B300s, will open a new deal if relevant.",
2026-09-16,hubspot,451125881071,2026-02-17,Lightning AI - Cisco,accepted_price,,,,NO_CAPACITY,B200,2.9,256,184,,No cpacity to fulfill deal ,
2026-09-16,hubspot,458620282049,2026-02-17,HeyGen,accepted_price,,,,NO_CAPACITY,B200,3.35,256,366,,Cannot support this as we have prior commitments to IIA. ,
2026-09-16,hubspot,461225986239,2026-02-17,Sky Pilot & Amazon Robotics,accepted_price,,,H200,NO_CAPACITY,H200,1.85,2000,365,,"Amazon Robotics reached out with an immediate need for H1/200s. We had H200 availability for a small window, but they have been promised to AMI.  We will continue to try to work with AMZN robotics for Blackwells",
2026-09-16,hubspot,461107075292,2026-02-16,Prime Intellect,accepted_price,,,,NO_CAPACITY,H200,1.9,512,364,,Alternative deals chosen for this capacity,
2026-09-16,hubspot,458620357874,2026-02-16,Shadeform AI,accepted_price,,,B200,NO_CAPACITY,B200,3,256,364,,Required B200 capacity in the US,
2026-09-16,hubspot,459140345072,2026-02-16,Prime Intellect,accepted_price,,,,NO_CAPACITY,H200,1.8,2048,364,,No capacity to offer,
2026-09-16,hubspot,420838659261,2026-02-16,Inherent Laboratories,accepted_price,,,B200 | B300,NO_CAPACITY,B200 | B200 | B300 | B300,0 | 3.2 | 3.45 | 0,32 | 256 | 440 | 16,178 | 483 | 246 | 14,,Successful PoC - customer committed to sign with Nebius but No B300 or B200 capacity to fulfill the ask,
2026-09-16,hubspot,467767308480,2026-02-13,Compute Concierge,accepted_price,,,,NO_CAPACITY,,,,,,No capacity available,
2026-09-16,hubspot,470673765585,2026-02-13,SK Telecom & Penguin Solutions,accepted_price,,,B200,NO_CAPACITY,Shared Filesystem | B200 | WEKA Shared Filesystem,0.11 | 5.5 | 0.14,3000 | 1200 | 3000,184 | 122 | 184,,Per Adrian Rey: B200s sold out in KC and Israel can't accomodate any reserves due to IIA.,
2026-09-16,hubspot,451585973481,2026-02-13,OpenWorld Labs & SemiAnalysis,accepted_price,,14.00,B200 | B300,NO_CAPACITY,B200,3.15,512,365,,"Account: Wayfarer Labs  AE: Brea Browne  TCV: $14,166,835.20 Stage Outcome: Closed Lost Reason: Lack of Capacity / Supply Constraints  Notes:  Deal rejected twice at Daily Capacity Review for US B200s capacity. Advised that B300s in June will be our next best option to help them scale.   Next Steps / Follow-Up:  Continuing building relationship and advise to pre-provision June B300 deployment",
2026-09-16,hubspot,467645128932,2026-02-13,NVIDIA,accepted_price,,,B200 | H100 | H200,NO_CAPACITY,H100 SXM | B200 | H200,1.8 | 3.4 | 2,200 | 50 | 200,184 | 153 | 184,,"Cannot provide BREV requested H100, H200 or B200s due to limited capacity. Have a call with them next week to discuss future capacity plans to plan ahead for rest of 2026. Additional deal details in notes.",
2026-09-16,hubspot,454152008897,2026-02-11,Penguin Solutions & PsiQuantum,accepted_price,,,B200,NO_CAPACITY,B200 | Shared Filesystem,3.25 | 0.11,72 | 2000,730 | 730,,B200 requirement could not be met in any region. Cap tickets declined.,
2026-09-16,hubspot,437880862928,2026-02-11,Physical Intelligence,accepted_price,,,,NO_CAPACITY,H200,1.8,1024,378,,AMI Deal chosen over PI. ,
2026-09-16,hubspot,467109908681,2026-02-11,Shadeform AI,accepted_price,,,GB300,NO_CAPACITY,GB300,5,288,730,,No GB300 available,
2026-09-16,hubspot,444628110578,2026-02-11,Fundamental Research Labs,accepted_price,,,H200,NO_CAPACITY,H200,1.95,128,182,,"H200 capacity could not be met in any region until April, this timeline did not work for the customer.",
2026-09-16,hubspot,466547616959,2026-02-11,Novita AI,accepted_price,,,H200,NO_CAPACITY,H200,1.95,256,365,,"H200 capacity could not be met in any region until April, this timeline did not work for the customer.",
2026-09-16,hubspot,388158154950,2026-02-10,World Labs,competitor_quote,undisclosed,2.85,B200 | B300 | GB300,NO_CAPACITY;Competitor Chosen,B300 | B200,4.1 | 0,2048 | 32,731 | 20,,"World Labs preferred chip was the B200. When we thought there was a chance we'd procure more B200s from a 3rd party, we let them test on ours. They were happy with those tests.  Unfortunately, we ended up not having B200s for them. They had an offer from a competitor for B200s (delivery in March) at the $2.85/hour price point. They said they would strongly consider our B300 (delivery late 2Q) if we could match those prices. We could not (which I agree with)  This is just the first expansion of many for World Labs. We still have a strong relationship with them and will continue to position our ",
2026-09-16,hubspot,388158154950,2026-02-10,World Labs,accepted_price,,2.85,B200 | B300 | GB300,NO_CAPACITY;Competitor Chosen,B300 | B200,4.1 | 0,2048 | 32,731 | 20,,"World Labs preferred chip was the B200. When we thought there was a chance we'd procure more B200s from a 3rd party, we let them test on ours. They were happy with those tests.  Unfortunately, we ended up not having B200s for them. They had an offer from a competitor for B200s (delivery in March) at the $2.85/hour price point. They said they would strongly consider our B300 (delivery late 2Q) if we could match those prices. We could not (which I agree with)  This is just the first expansion of many for World Labs. We still have a strong relationship with them and will continue to position our ",
2026-09-16,hubspot,455036255443,2026-02-10,SemiAnalysis & Chai Discovery,accepted_price,,,B200 | H200,NO_CAPACITY,H200,1.95,256,181,,Closing this due to the available H200s going to AMI. Chai wanted to double their cluster with either B200 or H200 ASAP. We did not have the capacity to grant either request unfortunately.   We will continue to work with the customer to position our future capacity. This is a high growth potential customer. ,
2026-09-16,hubspot,443118162122,2026-02-06,Sequoia Capital,accepted_price,,,,NO_CAPACITY,,,,,,"After speaking with the (Nebius) VC team, we have decided to deprioritize this. Sequoia wanted ~2000 GPUs to start (we only had 512 to offer), and they informed us that they had lower-priced options in the near term. Therefore, we moved this deal down the prioritization list.  Internally, we agreed to continue the conversation with Sequoia around how we can get ""creative"" with our partnership. As part of this, we will target larger clusters coming later in the year. The relationship remains strong, and we are confident there will be a better fit later in the year. ",
2026-09-16,hubspot,460302722266,2026-02-05,Baseten,accepted_price,,,,Customer Disengagement or Cancellation,H100 SXM,1.7,128,365,,"Due to rules of engagement and overall business decision, we cannot sell Baseten this long-term capacity.",
2026-09-16,hubspot,438072619255,2026-02-04,VESSL AI,accepted_price,,,B200 | B300,NO_CAPACITY,B200 | Shared Filesystem,3.4 | 0.11,664 | 1000,182 | 182,,"They needed between 640 and 1280 B200s and 4 PBs of Nebius Shared Filesystem, we could only provide 512 B200s (allocated for another deal) and 324TBs of Shared Filesystem. They are open to revisiting this when we have B300s in May/June.",
2026-09-16,hubspot,303274056899,2026-02-03,TensorPool,accepted_price,,,,NO_CAPACITY,B200,3.5,1024,31,,No capacity to support the 1024 training run,
2026-09-16,hubspot,292091322594,2026-02-03,1X Technologies,competitor_quote,DataCrunch,3.00,,Pricing and Billing Issues;Competitor Chosen,"B200 | B200 | Shared Filesystem | Enhanced Throughput Object Storage | Network disk | Network IO M3 disk | Network Non-replicated disk | Non-GPU AMD Epyc Genoa, vCPU-32, RAM-128 | B200 | B200",3.3 | 0 | 0 | 0 | 0 | 0 | 0 | 0 | 0 | 0,256 | 64 | 100 | 100 | 20 | 20 | 20 | 10 | 64 | 16,181 | 18 | 18 | 18 | 18 | 18 | 18 | 18 | 8 | 14,,Account:1X AE: Brea TCV: $3..6M Stage Outcome: Closed Lost Reason: Term  Notes: 1X went with DataCrunch to provide a 3 month 256xB200s  1X  Next Steps / Follow-Up: Long term partnership is still on the table - looking to meet with team in-person the week of Feb 23rd,
2026-09-16,hubspot,399854188737,2026-02-02,MasterClass,accepted_price,,,,Customer Disengagement or Cancellation,H100 SXM,2.49,8,365,,Masterclass has been unresponsive since the holidays to both OB/Nebius teams on capacity needs and never tried out our platform. Continuing to speak with Outerbounds rep on bi-weekly basis in the event Masterclass capacity needs change. Moving to closed/lost.,
2026-09-16,hubspot,451418579146,2026-01-29,SemiAnalysis & Chai Discovery,accepted_price,,,B200,NO_CAPACITY,,,,,,"I was informed yesterday that the remaining B200s in Israel are now going to be distributed to the Israeli government. Therefore there is no possibility of expanding Chai there. Had we had the capacity, I am confident Chai would have doubled their cluster. ",
2026-09-16,hubspot,432363925732,2026-01-28,River AI & NVIDIA,accepted_price,,,B300,NO_CAPACITY,B300,4.26,2000,181,,"This lead came from the NVIDIA team. River needed at least 2,000 B300s on a timeline that was imply too short for us to meet. They have substantial growth plans from the 2K cluster, so we will continue to stay in contact and partner with them when the time is right.",
2026-09-16,hubspot,417871185090,2026-01-28,iFrame,accepted_price,,,,NO_CAPACITY;Insufficient Capabilities,H200 | Shared Filesystem | H200 | Shared Filesystem | H200,1.87 | 0 | 0 | 0 | 0,800 | 10 | 16 | 10 | 8,182 | 13 | 17 | 13 | 13,,"1. No capacity to fulfill the request  2. Customer is looking for TDX and ubuntu 25 (not yet supported by Nebius).  Regrouping Q3/Q4 as TDX is expected to be supported by then, ",
2026-09-16,hubspot,403976772848,2026-01-27,Hudson River Trading,accepted_price,,,B200,NO_CAPACITY,B200,3.58,10000,365,,"HRT came to us with a short term B200 need. Their original ask was for 10,000. We did not that any B200s available at that time, but we attempted to get creative with leadership to procure 6K B200s from a 3rd party provider.   The deal for the B200s was complicated on many fronts. HRT's price-point was lower than what our sellers' price-point was. So we were considering selling them at cost.   The sellers also had a pipeline of buyers at higher prices. At the end of the day, the deal for the additional B200s didn't make sense for either party, so we are unable to serve HRT at this time.  We co",
2026-09-16,hubspot,427714401513,2026-01-27,Jasper,accepted_price,CoreWeave,,,NO_CAPACITY,H200,1.9,160,182,,"capacity decision not fast enough, had to re-sign with CoreWeave",
2026-09-16,hubspot,427847744746,2026-01-27,Heidi Health & Lightning AI,competitor_named,Lightning; Voltage Park,,,Insufficient Capabilities,B200,3.4,8,365,,"Lightning AI formally announced a merger with Voltage Park, making their joint solution a competitor of Nebius' full stack. Decided not to move forward on this deal as we determine greater rules of engagement.",
2026-09-16,hubspot,432029560042,2026-01-27,Cloudflare,accepted_price,,,,NO_CAPACITY,H100 SXM,1.6,328,182,,"capacity req denied, higher price available (Revolut)",
2026-09-16,hubspot,370748846282,2026-01-26,Agile Robots,accepted_price,,,,NO_CAPACITY,B200 | B200 | Shared Filesystem,3.4 | 0 | 0,256 | 16 | 12,59 | 20 | 15,,"don't want baseline but short bursts, likely went with NVidia Industrial Cloud in Germany",
2026-09-16,hubspot,371122002131,2026-01-26,Hover,accepted_price,,,,NO_CAPACITY,H200 | H200,0 | 2.2,8 | 24,7 | 184,,customer wanted RTX instead which we do not currently support,
2026-09-16,hubspot,433811026122,2026-01-16,Ricursive Intelligence,accepted_price,,,B200 | H100,NO_CAPACITY,H100 SXM | B200,1.87 | 4.5,2000 | 1024,60 | 59,,Customer required the full 2k H100/1k b200 cluster. Closed lost due to capacity ,
2026-09-16,hubspot,370017144037,2026-01-08,Equilibre Technologies,accepted_price,,,,Competitor Chosen,RTX6000,1.3,512,364,,"TAU (the only client of Equilibre) has built their own capacity which they lease to their partners at cost, and they made it a part of their service deal with them - so effectively they went on-prem",
2026-09-16,hubspot,338239415542,2026-01-06,Y Combinator,accepted_price,,,H100,NO_CAPACITY,H100 SXM,1.6,512,181,,"The customer informed us that their requirements have changed and that they require this cluster to be in the US. Initially the EU H100s were OK, but that changed when some of the main portcos that were going to use this cluster changed their requirements to US-only capacity.   We have agreed to continue the conversation with Blackwell capacity coming to the US later in the year. ",
2026-09-16,hubspot,418554404031,2026-01-06,Radical Numerics,competitor_quote,undisclosed,1.47,,Pricing and Billing Issues,H100 SXM,1.7,64,365,,"they received an offer from a baremetal provider at $1.47/hr and want to try managing more of their stack to see if it's doable for them, they've mentioned they may be back quickly",
2026-09-16,hubspot,388183410903,2026-01-06,ServiceNow & NVIDIA,competitor_named,AWS,,,Customer Disengagement or Cancellation,B200,3.2,1000,730,,the NVIDIA rep told us they were either staying with AWS or completely abandoning managing their own compute altogether for this project,
2026-09-16,hubspot,399854148807,2026-01-05,Krisp,accepted_price,,,H200,NO_CAPACITY,H100 SXM | Network disk | Shared Filesystem | H200,1.63 | 0.08 | 0.1 | 2.52,32 | 4 | 40 | 16,183 | 183 | 183 | 183,,Closed lost due to the reason that we did not have capacity to fulfill this request. H200 in US was a requirement for the customer. ,
2026-09-16,hubspot,410630093016,2026-01-05,HeyGen,accepted_price,,,H100,NO_CAPACITY,H200,1.6,228,365,,H100 no capacity,
