generated_date,gpu,tenor_months,stage_class,close_month,prepay_bucket,deals,lines,gpus,price_lo,price_med,price_hi
2026-09-16,B200,3,lost,2025-09-01,postpaid,1,1,32.0,5.5,5.5,5.5
2026-09-16,B200,3,lost,2025-09-01,upfront,1,2,72.0,4.0,4.75,5.5
2026-09-16,B200,3,lost,2025-10-01,postpaid,2,2,104.0,4.0,4.75,5.5
2026-09-16,B200,3,lost,2025-10-01,prepaid_monthly,2,2,288.0,3.0,3.45,3.9
2026-09-16,B200,3,lost,2025-11-01,postpaid,2,2,230.0,3.0,3.35,3.7
2026-09-16,B200,3,lost,2025-11-01,prepaid_monthly,2,2,524.0,2.9,3.4,3.9
2026-09-16,B200,3,lost,2026-01-01,prepaid_monthly,3,3,1328.0,3.4,4.5,5.5
2026-09-16,B200,3,lost,2026-02-01,postpaid,2,2,160.0,3.55,3.57,3.6
2026-09-16,B200,3,lost,2026-02-01,prepaid_monthly,1,1,1024.0,3.5,3.5,3.5
2026-09-16,B200,3,lost,2026-02-01,upfront,3,3,688.0,3.4,3.6,3.9
2026-09-16,B200,3,lost,2026-03-01,prepaid_monthly,1,1,8.0,4.5,4.5,4.5
2026-09-16,B200,3,lost,2026-04-01,postpaid,2,2,72.0,5.0,5.25,5.5
2026-09-16,B200,3,lost,2026-05-01,postpaid,3,3,456.0,2.5,3.7,4.7
2026-09-16,B200,3,lost,2026-05-01,upfront,1,1,416.0,5.0,5.0,5.0
2026-09-16,B200,3,lost,2026-06-01,postpaid,2,3,112.0,2.5,2.5,2.5
2026-09-16,B200,3,lost,2026-06-01,prepaid_monthly,1,1,360.0,4.25,4.25,4.25
2026-09-16,B200,3,lost,2026-06-01,upfront,1,1,40.0,4.5,4.5,4.5
2026-09-16,B200,3,lost,2026-07-01,postpaid,2,3,378.0,4.75,4.75,5.3
2026-09-16,B200,3,lost,2026-07-01,prepaid_monthly,2,3,240.0,5.2,5.5,5.5
2026-09-16,B200,6,lost,2025-09-01,postpaid,2,2,448.0,2.9,3.2,3.5
2026-09-16,B200,6,lost,2025-09-01,prepaid_monthly,1,1,128.0,3.35,3.35,3.35
2026-09-16,B200,6,lost,2025-11-01,postpaid,1,1,300.0,3.5,3.5,3.5
2026-09-16,B200,6,lost,2025-11-01,prepaid_monthly,2,3,544.0,2.9,2.9,3.3
2026-09-16,B200,6,lost,2025-11-01,upfront,1,1,928.0,3.6,3.6,3.6
2026-09-16,B200,6,lost,2025-12-01,prepaid_monthly,2,2,40.0,3.25,3.27,3.3
2026-09-16,B200,6,lost,2026-02-01,postpaid,1,1,50.0,3.4,3.4,3.4
2026-09-16,B200,6,lost,2026-02-01,prepaid_monthly,6,6,3640.0,2.9,3.4,5.5
2026-09-16,B200,6,lost,2026-03-01,postpaid,2,2,144.0,3.5,4.5,5.5
2026-09-16,B200,6,lost,2026-03-01,prepaid_monthly,1,1,32.0,3.2,3.2,3.2
2026-09-16,B200,6,lost,2026-04-01,postpaid,1,1,280.0,3.9,3.9,3.9
2026-09-16,B200,6,lost,2026-06-01,prepaid_monthly,1,1,16.0,5.4,5.4,5.4
2026-09-16,B200,6,proposal,2026-08-01,postpaid,2,2,640.0,4.99,5.24,5.5
2026-09-16,B200,6,proposal,2026-08-01,prepaid_monthly,1,1,32.0,5.68,5.68,5.68
2026-09-16,B200,12,lost,2025-09-01,postpaid,3,4,1025.0,3.0,3.0,3.25
2026-09-16,B200,12,lost,2025-09-01,prepaid_monthly,5,5,5384.0,2.85,2.9,3.5
2026-09-16,B200,12,lost,2025-10-01,postpaid,2,2,80.0,3.58,3.71,3.85
2026-09-16,B200,12,lost,2025-10-01,prepaid_monthly,2,3,464.0,2.9,2.9,3.35
2026-09-16,B200,12,lost,2025-11-01,postpaid,2,2,64.0,3.4,3.55,3.7
2026-09-16,B200,12,lost,2025-11-01,prepaid_monthly,1,1,4000.0,3.5,3.5,3.5
2026-09-16,B200,12,lost,2025-12-01,postpaid,4,4,2164.0,2.85,3.1,3.4
2026-09-16,B200,12,lost,2025-12-01,prepaid_monthly,1,1,10000.0,5.5,5.5,5.5
2026-09-16,B200,12,lost,2026-01-01,postpaid,1,1,8.0,3.4,3.4,3.4
2026-09-16,B200,12,lost,2026-01-01,prepaid_monthly,2,2,10008.0,3.4,3.49,3.58
2026-09-16,B200,12,lost,2026-02-01,postpaid,3,3,1024.0,3.0,3.15,3.35
2026-09-16,B200,12,lost,2026-03-01,prepaid_monthly,1,1,32.0,3.3,3.3,3.3
2026-09-16,B200,12,lost,2026-04-01,prepaid_monthly,2,2,4256.0,3.2,3.25,3.3
2026-09-16,B200,12,lost,2026-05-01,postpaid,2,2,257.0,3.5,4.1,4.7
2026-09-16,B200,12,lost,2026-05-01,prepaid_monthly,3,3,568.0,4.4,5.2,5.2
2026-09-16,B200,12,lost,2026-06-01,postpaid,3,3,204.0,2.5,3.5,3.5
2026-09-16,B200,12,lost,2026-06-01,prepaid_monthly,3,3,320.0,4.93,5.2,5.3
2026-09-16,B200,12,lost,2026-07-01,postpaid,1,1,80.0,5.58,5.58,5.58
2026-09-16,B200,12,lost,2026-07-01,prepaid_monthly,4,4,3136.0,5.0,5.06,5.2
2026-09-16,B200,12,lost,2026-07-01,upfront,1,1,64.0,4.5,4.5,4.5
2026-09-16,B200,12,lost,2026-08-01,postpaid,4,4,2560.0,5.06,5.06,5.06
2026-09-16,B200,12,lost,2026-08-01,prepaid_monthly,1,1,640.0,7.15,7.15,7.15
2026-09-16,B200,12,proposal,2026-08-01,prepaid_monthly,5,5,1000.0,4.5,5.5,5.8
2026-09-16,B200,12,proposal,2026-09-01,postpaid,1,1,640.0,6.1,6.1,6.1
2026-09-16,B200,12,proposal,2026-09-01,prepaid_monthly,3,3,352.0,3.0,3.4,5.3
2026-09-16,B200,12,proposal,2026-10-01,postpaid,1,1,640.0,6.0,6.0,6.0
2026-09-16,B200,12,proposal,2026-10-01,prepaid_monthly,1,1,8.0,7.15,7.15,7.15
2026-09-16,B200,12,proposal,2026-11-01,prepaid_monthly,2,2,136.0,5.16,5.33,5.5
2026-09-16,B200,18,lost,2025-09-01,prepaid_monthly,1,1,192.0,2.89,2.89,2.89
2026-09-16,B200,18,lost,2026-02-01,prepaid_monthly,1,1,256.0,3.2,3.2,3.2
2026-09-16,B200,18,lost,2026-04-01,prepaid_monthly,1,1,128.0,2.8,2.8,2.8
2026-09-16,B200,18,lost,2026-06-01,prepaid_monthly,1,1,8.0,3.5,3.5,3.5
2026-09-16,B200,24,lost,2026-01-01,prepaid_monthly,1,1,1000.0,3.2,3.2,3.2
2026-09-16,B200,24,lost,2026-02-01,prepaid_monthly,1,1,72.0,3.25,3.25,3.25
2026-09-16,B200,24,proposal,2026-07-01,prepaid_monthly,1,1,256.0,4.7,4.7,4.7
2026-09-16,B200,36,lost,2026-06-01,prepaid_monthly,1,1,640.0,4.3,4.3,4.3
2026-09-16,B200,36,proposal,2026-08-01,prepaid_monthly,4,4,1664.0,4.5,4.6,5.35
2026-09-16,B300,3,lost,2025-11-01,postpaid,1,1,160.0,4.0,4.0,4.0
2026-09-16,B300,3,lost,2026-05-01,prepaid_monthly,1,1,2048.0,4.5,4.5,4.5
2026-09-16,B300,3,lost,2026-07-01,prepaid_monthly,1,1,376.0,5.56,5.56,5.56
2026-09-16,B300,3,proposal,2026-07-01,prepaid_monthly,1,1,32.0,3.5,3.5,3.5
2026-09-16,B300,3,proposal,2026-08-01,prepaid_monthly,1,1,32.0,6.9,6.9,6.9
2026-09-16,B300,3,proposal,2026-09-01,upfront,1,1,256.0,5.6,5.6,5.6
2026-09-16,B300,6,lost,2025-11-01,prepaid_monthly,1,1,128.0,3.7,3.7,3.7
2026-09-16,B300,6,lost,2025-12-01,prepaid_monthly,2,2,392.0,4.0,4.0,4.0
2026-09-16,B300,6,lost,2026-01-01,prepaid_monthly,2,2,2064.0,4.0,4.13,4.26
2026-09-16,B300,6,lost,2026-03-01,postpaid,1,1,8.0,4.0,4.0,4.0
2026-09-16,B300,6,lost,2026-03-01,prepaid_monthly,2,2,88.0,3.1,3.55,4.0
2026-09-16,B300,6,lost,2026-04-01,prepaid_monthly,3,3,656.0,3.0,4.48,5.0
2026-09-16,B300,6,lost,2026-05-01,postpaid,2,2,936.0,3.0,3.85,4.7
2026-09-16,B300,6,lost,2026-05-01,prepaid_monthly,2,2,513.0,3.55,4.52,5.5
2026-09-16,B300,6,lost,2026-06-01,prepaid_monthly,1,1,400.0,5.7,5.7,5.7
2026-09-16,B300,6,lost,2026-07-01,prepaid_monthly,2,2,768.0,5.0,5.25,5.5
2026-09-16,B300,6,lost,2026-08-01,prepaid_monthly,1,1,16.0,5.75,5.75,5.75
2026-09-16,B300,6,proposal,2026-08-01,prepaid_monthly,2,2,7096.0,5.69,5.82,5.95
2026-09-16,B300,6,proposal,2026-08-01,upfront,1,1,112.0,5.05,5.05,5.05
2026-09-16,B300,6,proposal,2026-11-01,upfront,1,1,384.0,5.66,5.66,5.66
2026-09-16,B300,6,proposal,2029-08-01,prepaid_monthly,1,1,16.0,6.28,6.28,6.28
2026-09-16,B300,12,lost,2025-09-01,prepaid_monthly,1,1,256.0,4.0,4.0,4.0
2026-09-16,B300,12,lost,2025-10-01,postpaid,1,1,100.0,4.5,4.5,4.5
2026-09-16,B300,12,lost,2025-10-01,prepaid_monthly,1,1,128.0,4.25,4.25,4.25
2026-09-16,B300,12,lost,2025-11-01,postpaid,1,1,16.0,4.25,4.25,4.25
2026-09-16,B300,12,lost,2025-11-01,prepaid_monthly,1,1,2048.0,3.4,3.4,3.4
2026-09-16,B300,12,lost,2025-12-01,postpaid,2,2,2384.0,3.5,3.75,4.0
2026-09-16,B300,12,lost,2025-12-01,prepaid_monthly,1,1,400.0,3.55,3.55,3.55
2026-09-16,B300,12,lost,2026-02-01,prepaid_monthly,3,3,3688.0,3.45,3.6,4.25
2026-09-16,B300,12,lost,2026-03-01,postpaid,2,2,128.0,3.99,3.99,4.0
2026-09-16,B300,12,lost,2026-03-01,prepaid_monthly,3,3,2848.0,3.2,3.82,5.05
2026-09-16,B300,12,lost,2026-03-01,upfront,2,2,5360.0,4.35,4.53,4.7
2026-09-16,B300,12,lost,2026-04-01,postpaid,3,3,368.0,3.99,3.99,4.2
2026-09-16,B300,12,lost,2026-04-01,prepaid_monthly,2,2,640.0,5.39,5.48,5.56
2026-09-16,B300,12,lost,2026-04-01,upfront,1,1,2400.0,3.55,3.55,3.55
2026-09-16,B300,12,lost,2026-05-01,postpaid,2,2,1136.0,5.45,5.51,5.56
2026-09-16,B300,12,lost,2026-05-01,prepaid_monthly,8,8,3238.0,3.45,5.56,7.1
2026-09-16,B300,12,lost,2026-05-01,upfront,1,1,16.0,5.56,5.56,5.56
2026-09-16,B300,12,lost,2026-06-01,postpaid,2,2,456.0,5.56,5.57,5.57
2026-09-16,B300,12,lost,2026-06-01,prepaid_monthly,4,4,1616.0,5.45,5.9,6.03
2026-09-16,B300,12,lost,2026-06-01,upfront,3,3,1320.0,5.29,5.7,5.75
2026-09-16,B300,12,lost,2026-07-01,prepaid_monthly,10,10,9800.0,4.76,5.48,5.75
2026-09-16,B300,12,lost,2026-07-01,upfront,2,2,1277.0,5.27,5.72,6.17
2026-09-16,B300,12,lost,2026-08-01,prepaid_monthly,1,1,4000.0,5.35,5.35,5.35
2026-09-16,B300,12,lost,2026-08-01,upfront,1,1,128.0,5.2,5.2,5.2
2026-09-16,B300,12,proposal,2026-07-01,upfront,1,2,528.0,5.56,5.87,6.17
2026-09-16,B300,12,proposal,2026-08-01,postpaid,3,3,1844.0,5.0,5.56,5.75
2026-09-16,B300,12,proposal,2026-08-01,prepaid_monthly,10,10,1480.0,5.5,5.75,7.85
2026-09-16,B300,12,proposal,2026-09-01,prepaid_monthly,3,3,320.0,5.57,5.6,5.61
2026-09-16,B300,12,proposal,2026-10-01,prepaid_monthly,1,1,256.0,5.5,5.5,5.5
2026-09-16,B300,12,proposal,2026-11-01,prepaid_monthly,1,1,467.0,5.5,5.5,5.5
2026-09-16,B300,18,lost,2026-03-01,postpaid,1,1,80.0,4.92,4.92,4.92
2026-09-16,B300,18,lost,2026-05-01,prepaid_monthly,1,1,2000.0,3.8,3.8,3.8
2026-09-16,B300,24,lost,2025-11-01,prepaid_monthly,2,3,4288.0,3.0,3.2,3.2
2026-09-16,B300,24,lost,2026-02-01,prepaid_monthly,2,2,7048.0,4.1,4.18,4.26
2026-09-16,B300,24,lost,2026-03-01,postpaid,1,1,5000.0,4.25,4.25,4.25
2026-09-16,B300,24,lost,2026-04-01,prepaid_monthly,1,1,256.0,4.29,4.29,4.29
2026-09-16,B300,24,lost,2026-04-01,upfront,1,1,512.0,4.3,4.3,4.3
2026-09-16,B300,24,lost,2026-05-01,prepaid_monthly,2,2,10000.0,4.55,4.55,4.55
2026-09-16,B300,24,lost,2026-05-01,upfront,1,1,1024.0,4.55,4.55,4.55
2026-09-16,B300,24,lost,2026-06-01,prepaid_monthly,2,2,576.0,4.92,4.98,5.05
2026-09-16,B300,24,proposal,2026-08-01,prepaid_monthly,3,3,792.0,5.05,5.1,5.2
2026-09-16,B300,24,proposal,2026-09-01,prepaid_monthly,2,2,1512.0,5.1,5.1,5.1
2026-09-16,B300,24,proposal,2026-09-01,upfront,1,1,1400.0,4.95,4.95,4.95
2026-09-16,B300,24,proposal,2026-10-01,postpaid,1,1,2000.0,5.3,5.3,5.3
2026-09-16,B300,24,proposal,2026-10-01,prepaid_monthly,1,1,80.0,5.46,5.46,5.46
2026-09-16,B300,36,lost,2026-04-01,postpaid,1,1,1024.0,3.55,3.55,3.55
2026-09-16,B300,36,lost,2026-04-01,prepaid_monthly,1,1,5000.0,3.91,3.91,3.91
2026-09-16,B300,36,lost,2026-05-01,postpaid,1,1,2000.0,4.7,4.7,4.7
2026-09-16,B300,36,lost,2026-05-01,prepaid_monthly,2,2,5596.0,4.11,4.18,4.25
2026-09-16,B300,36,lost,2026-05-01,upfront,2,2,15000.0,4.55,4.55,4.55
2026-09-16,B300,36,lost,2026-06-01,postpaid,1,1,24.0,4.5,4.5,4.5
2026-09-16,B300,36,lost,2026-06-01,prepaid_monthly,2,2,168.0,4.5,4.62,4.75
2026-09-16,B300,36,lost,2026-07-01,prepaid_monthly,3,3,1544.0,4.0,4.7,4.8
2026-09-16,B300,36,proposal,2026-07-01,prepaid_monthly,1,1,128.0,5.07,5.07,5.07
2026-09-16,B300,36,proposal,2026-08-01,prepaid_monthly,2,2,3024.0,4.18,4.44,4.7
2026-09-16,B300,36,proposal,2026-09-01,prepaid_monthly,1,1,1152.0,4.5,4.5,4.5
2026-09-16,B300,36,proposal,2026-11-01,upfront,1,1,576.0,5.0,5.0,5.0
2026-09-16,B300,60,lost,2026-05-01,postpaid,1,1,5000.0,3.35,3.35,3.35
2026-09-16,B300,60,lost,2026-08-01,prepaid_monthly,1,1,1000.0,5.5,5.5,5.5
2026-09-16,GB200,6,lost,2025-09-01,postpaid,1,1,72.0,3.5,3.5,3.5
2026-09-16,GB200,12,lost,2025-12-01,prepaid_monthly,1,1,72.0,5.0,5.0,5.0
2026-09-16,GB200,36,lost,2025-09-01,prepaid_monthly,1,1,1152.0,3.15,3.15,3.15
2026-09-16,GB300,3,lost,2026-03-01,prepaid_monthly,1,1,6048.0,5.6,5.6,5.6
2026-09-16,GB300,3,proposal,2026-08-01,prepaid_monthly,2,2,9072.0,11.0,12.0,13.0
2026-09-16,GB300,6,lost,2026-07-01,prepaid_monthly,1,1,72.0,9.2,9.2,9.2
2026-09-16,GB300,12,lost,2025-11-01,prepaid_monthly,1,1,288.0,6.62,6.62,6.62
2026-09-16,GB300,12,lost,2025-11-01,upfront,1,2,18432.0,4.0,4.0,4.0
2026-09-16,GB300,12,lost,2025-12-01,postpaid,1,1,1008.0,3.35,3.35,3.35
2026-09-16,GB300,12,lost,2025-12-01,prepaid_monthly,1,1,72.0,6.0,6.0,6.0
2026-09-16,GB300,12,lost,2026-05-01,prepaid_monthly,2,2,432.0,6.1,7.65,9.2
2026-09-16,GB300,12,lost,2026-06-01,prepaid_monthly,1,1,504.0,6.1,6.1,6.1
2026-09-16,GB300,12,lost,2026-06-01,upfront,1,1,504.0,6.0,6.0,6.0
2026-09-16,GB300,12,lost,2026-07-01,prepaid_monthly,1,1,11016.0,6.1,6.1,6.1
2026-09-16,GB300,12,lost,2026-07-01,upfront,1,1,1152.0,5.9,5.9,5.9
2026-09-16,GB300,12,lost,2026-08-01,prepaid_monthly,1,1,72.0,7.0,7.0,7.0
2026-09-16,GB300,12,proposal,2026-08-01,prepaid_monthly,3,3,5616.0,5.99,6.1,6.1
2026-09-16,GB300,12,proposal,2026-09-01,postpaid,1,1,3960.0,6.0,6.0,6.0
2026-09-16,GB300,12,proposal,2026-09-01,prepaid_monthly,1,1,1008.0,6.1,6.1,6.1
2026-09-16,GB300,12,proposal,2026-09-01,upfront,1,1,3024.0,5.62,5.62,5.62
2026-09-16,GB300,24,lost,2025-09-01,prepaid_monthly,1,1,72.0,6.62,6.62,6.62
2026-09-16,GB300,24,lost,2025-11-01,prepaid_monthly,1,1,72.0,7.0,7.0,7.0
2026-09-16,GB300,24,lost,2026-02-01,postpaid,1,1,288.0,5.0,5.0,5.0
2026-09-16,GB300,24,lost,2026-03-01,prepaid_monthly,1,1,1368.0,4.5,4.5,4.5
2026-09-16,GB300,24,lost,2026-05-01,prepaid_monthly,3,3,7056.0,5.3,5.83,5.85
2026-09-16,GB300,24,lost,2026-07-01,postpaid,1,1,1152.0,5.79,5.79,5.79
2026-09-16,GB300,24,proposal,2026-08-01,prepaid_monthly,3,3,1224.0,4.0,5.39,5.62
2026-09-16,GB300,24,proposal,2026-10-01,prepaid_monthly,1,1,5040.0,5.9,5.9,5.9
2026-09-16,GB300,36,lost,2025-11-01,postpaid,1,1,4032.0,4.0,4.0,4.0
2026-09-16,GB300,36,lost,2025-11-01,prepaid_monthly,1,2,9216.0,3.55,3.55,3.55
2026-09-16,GB300,36,lost,2026-01-01,prepaid_monthly,1,1,144.0,4.6,4.6,4.6
2026-09-16,GB300,36,lost,2026-04-01,postpaid,1,1,16920.0,9.2,9.2,9.2
2026-09-16,GB300,36,lost,2026-04-01,prepaid_monthly,1,1,4680.0,4.24,4.24,4.24
2026-09-16,GB300,36,lost,2026-05-01,postpaid,1,1,4824.0,5.3,5.3,5.3
2026-09-16,GB300,36,lost,2026-06-01,upfront,1,1,2160.0,4.9,4.9,4.9
2026-09-16,GB300,36,lost,2026-08-01,postpaid,1,1,5040.0,5.25,5.25,5.25
2026-09-16,GB300,36,proposal,2026-08-01,prepaid_monthly,1,1,2016.0,5.0,5.0,5.0
2026-09-16,GB300,36,proposal,2026-11-01,upfront,1,2,8064.0,4.0,4.45,4.9
2026-09-16,H100,3,lost,2025-09-01,postpaid,4,4,424.0,1.7,2.15,2.65
2026-09-16,H100,3,lost,2025-10-01,prepaid_monthly,2,2,576.0,1.8,2.37,2.95
2026-09-16,H100,3,lost,2025-11-01,prepaid_monthly,1,2,1536.0,1.65,1.65,1.65
2026-09-16,H100,3,lost,2026-01-01,prepaid_monthly,1,1,2000.0,1.87,1.87,1.87
2026-09-16,H100,3,lost,2026-02-01,prepaid_monthly,1,1,512.0,1.8,1.8,1.8
2026-09-16,H100,3,lost,2026-04-01,postpaid,1,1,10.0,2.95,2.95,2.95
2026-09-16,H100,3,lost,2026-05-01,prepaid_monthly,1,1,40.0,1.65,1.65,1.65
2026-09-16,H100,3,lost,2026-06-01,postpaid,1,1,2.0,2.35,2.35,2.35
2026-09-16,H100,3,lost,2026-07-01,postpaid,1,1,1.0,2.4,2.4,2.4
2026-09-16,H100,3,lost,2026-07-01,prepaid_monthly,1,1,184.0,2.67,2.67,2.67
2026-09-16,H100,3,proposal,2026-10-01,prepaid_monthly,1,1,16.0,2.55,2.55,2.55
2026-09-16,H100,6,lost,2025-09-01,postpaid,2,2,264.0,2.0,2.48,2.95
2026-09-16,H100,6,lost,2025-09-01,prepaid_monthly,1,1,24.0,2.0,2.0,2.0
2026-09-16,H100,6,lost,2025-10-01,postpaid,1,1,64.0,1.6,1.6,1.6
2026-09-16,H100,6,lost,2025-10-01,prepaid_monthly,1,1,152.0,1.8,1.8,1.8
2026-09-16,H100,6,lost,2025-11-01,postpaid,1,1,32.0,1.65,1.65,1.65
2026-09-16,H100,6,lost,2025-11-01,prepaid_monthly,2,2,2024.0,1.75,1.87,1.98
2026-09-16,H100,6,lost,2025-12-01,postpaid,1,1,256.0,1.5,1.5,1.5
2026-09-16,H100,6,lost,2025-12-01,prepaid_monthly,1,1,512.0,1.65,1.65,1.65
2026-09-16,H100,6,lost,2026-01-01,postpaid,1,1,128.0,1.55,1.55,1.55
2026-09-16,H100,6,lost,2026-01-01,prepaid_monthly,3,3,872.0,1.6,1.6,1.63
2026-09-16,H100,6,lost,2026-02-01,postpaid,1,1,200.0,1.8,1.8,1.8
2026-09-16,H100,6,lost,2026-02-01,prepaid_monthly,1,1,226.0,1.64,1.64,1.64
2026-09-16,H100,6,lost,2026-03-01,postpaid,4,4,537.0,1.85,2.0,2.11
2026-09-16,H100,6,lost,2026-03-01,prepaid_monthly,5,5,448.0,1.7,1.8,2.0
2026-09-16,H100,6,lost,2026-03-01,upfront,1,1,32.0,1.8,1.8,1.8
2026-09-16,H100,6,lost,2026-04-01,postpaid,2,2,288.0,1.8,1.9,2.0
2026-09-16,H100,6,lost,2026-04-01,prepaid_monthly,1,1,24.0,2.05,2.05,2.05
2026-09-16,H100,6,lost,2026-04-01,upfront,1,1,160.0,2.07,2.07,2.07
2026-09-16,H100,6,lost,2026-05-01,postpaid,3,3,56.0,1.6,1.6,2.95
2026-09-16,H100,6,lost,2026-05-01,prepaid_monthly,5,5,176.0,1.75,2.11,2.95
2026-09-16,H100,6,lost,2026-06-01,postpaid,1,1,16.0,2.69,2.69,2.69
2026-09-16,H100,6,lost,2026-07-01,postpaid,1,1,120.0,3.0,3.0,3.0
2026-09-16,H100,6,lost,2026-07-01,prepaid_monthly,2,2,234.0,1.8,2.37,2.95
2026-09-16,H100,6,proposal,2026-06-01,postpaid,1,1,64.0,2.1,2.1,2.1
2026-09-16,H100,6,proposal,2026-08-01,prepaid_monthly,3,3,96.0,2.0,2.77,2.77
2026-09-16,H100,6,proposal,2026-08-01,upfront,1,1,64.0,2.1,2.1,2.1
2026-09-16,H100,12,lost,2025-09-01,postpaid,3,3,2560.0,1.56,1.7,1.75
2026-09-16,H100,12,lost,2025-09-01,prepaid_monthly,1,1,512.0,1.9,1.9,1.9
2026-09-16,H100,12,lost,2025-10-01,postpaid,1,1,128.0,1.8,1.8,1.8
2026-09-16,H100,12,lost,2025-10-01,prepaid_monthly,1,1,1500.0,1.8,1.8,1.8
2026-09-16,H100,12,lost,2025-10-01,upfront,1,1,256.0,1.5,1.5,1.5
2026-09-16,H100,12,lost,2025-11-01,prepaid_monthly,2,2,26.0,1.9,1.95,2.0
2026-09-16,H100,12,lost,2025-12-01,postpaid,2,2,640.0,1.5,1.52,1.55
2026-09-16,H100,12,lost,2025-12-01,prepaid_monthly,1,1,96.0,1.65,1.65,1.65
2026-09-16,H100,12,lost,2026-01-01,prepaid_monthly,7,7,1220.0,1.65,1.8,2.5
2026-09-16,H100,12,lost,2026-02-01,postpaid,2,2,2592.0,1.5,1.7,1.9
2026-09-16,H100,12,lost,2026-02-01,prepaid_monthly,3,3,1664.0,1.65,1.7,1.8
2026-09-16,H100,12,lost,2026-02-01,upfront,1,1,8.0,2.49,2.49,2.49
2026-09-16,H100,12,lost,2026-03-01,postpaid,1,1,256.0,2.0,2.0,2.0
2026-09-16,H100,12,lost,2026-03-01,prepaid_monthly,2,2,512.0,1.6,1.78,1.95
2026-09-16,H100,12,lost,2026-04-01,postpaid,1,1,16.0,2.65,2.65,2.65
2026-09-16,H100,12,lost,2026-04-01,prepaid_monthly,1,1,1024.0,2.95,2.95,2.95
2026-09-16,H100,12,lost,2026-04-01,upfront,1,1,8.0,2.95,2.95,2.95
2026-09-16,H100,12,lost,2026-05-01,postpaid,2,2,56.0,2.65,2.8,2.95
2026-09-16,H100,12,lost,2026-05-01,prepaid_monthly,4,4,202.0,1.9,2.88,2.95
2026-09-16,H100,12,lost,2026-05-01,upfront,1,1,32.0,2.45,2.45,2.45
2026-09-16,H100,12,lost,2026-06-01,postpaid,1,1,16.0,2.0,2.0,2.0
2026-09-16,H100,12,lost,2026-06-01,prepaid_monthly,5,5,856.0,2.0,2.4,2.65
2026-09-16,H100,12,lost,2026-06-01,upfront,1,1,32.0,1.91,1.91,1.91
2026-09-16,H100,12,lost,2026-07-01,prepaid_monthly,7,7,2560.0,1.98,2.3,2.6
2026-09-16,H100,12,lost,2026-07-01,upfront,2,2,176.0,2.6,2.6,2.6
2026-09-16,H100,12,lost,2026-08-01,postpaid,1,1,40.0,2.5,2.5,2.5
2026-09-16,H100,12,proposal,2026-08-01,postpaid,1,1,nan,2.75,2.75,2.75
2026-09-16,H100,12,proposal,2026-10-01,prepaid_monthly,1,1,144.0,2.55,2.55,2.55
2026-09-16,H100,12,proposal,2026-11-01,postpaid,1,1,16.0,2.45,2.45,2.45
2026-09-16,H100,12,proposal,2026-11-01,upfront,1,1,64.0,2.5,2.5,2.5
2026-09-16,H100,36,lost,2025-12-01,prepaid_monthly,1,1,1816.0,1.75,1.75,1.75
2026-09-16,H100,36,lost,2026-06-01,postpaid,1,1,96.0,2.28,2.28,2.28
2026-09-16,H100,36,lost,2026-07-01,prepaid_monthly,1,1,64.0,3.85,3.85,3.85
2026-09-16,H200,3,lost,2025-09-01,postpaid,3,3,960.0,2.0,2.1,2.2
2026-09-16,H200,3,lost,2025-09-01,prepaid_monthly,1,1,16.0,3.5,3.5,3.5
2026-09-16,H200,3,lost,2025-10-01,postpaid,3,3,392.0,2.05,3.5,3.5
2026-09-16,H200,3,lost,2025-10-01,prepaid_monthly,2,2,544.0,1.9,2.02,2.15
2026-09-16,H200,3,lost,2025-11-01,prepaid_monthly,2,3,160.0,1.65,1.85,1.85
2026-09-16,H200,3,lost,2025-12-01,postpaid,1,1,240.0,2.15,2.15,2.15
2026-09-16,H200,3,lost,2025-12-01,prepaid_monthly,1,1,80.0,2.3,2.3,2.3
2026-09-16,H200,3,lost,2026-01-01,postpaid,1,1,8.0,2.05,2.05,2.05
2026-09-16,H200,3,lost,2026-02-01,postpaid,1,1,80.0,2.05,2.05,2.05
2026-09-16,H200,3,lost,2026-03-01,prepaid_monthly,1,1,128.0,1.9,1.9,1.9
2026-09-16,H200,3,lost,2026-06-01,prepaid_monthly,1,1,64.0,2.85,2.85,2.85
2026-09-16,H200,3,lost,2026-07-01,prepaid_monthly,1,1,24.0,2.4,2.4,2.4
2026-09-16,H200,3,lost,2026-08-01,prepaid_monthly,1,1,24.0,3.5,3.5,3.5
2026-09-16,H200,3,proposal,2026-05-01,postpaid,1,1,100.0,2.0,2.0,2.0
2026-09-16,H200,3,proposal,2026-08-01,postpaid,1,1,80.0,2.46,2.46,2.46
2026-09-16,H200,3,proposal,2026-08-01,upfront,1,1,256.0,6.15,6.15,6.15
2026-09-16,H200,3,proposal,2026-09-01,prepaid_monthly,1,1,8.0,3.8,3.8,3.8
2026-09-16,H200,6,lost,2025-09-01,postpaid,3,3,448.0,1.7,1.7,2.15
2026-09-16,H200,6,lost,2025-09-01,prepaid_monthly,3,3,240.0,1.9,2.0,2.4
2026-09-16,H200,6,lost,2025-10-01,postpaid,4,4,336.0,2.0,2.0,3.5
2026-09-16,H200,6,lost,2025-10-01,prepaid_monthly,4,4,744.0,1.8,2.0,3.5
2026-09-16,H200,6,lost,2025-11-01,postpaid,2,2,160.0,1.95,1.97,2.0
2026-09-16,H200,6,lost,2025-11-01,prepaid_monthly,3,3,368.0,1.85,2.3,2.3
2026-09-16,H200,6,lost,2025-12-01,postpaid,3,3,104.0,1.8,2.0,2.5
2026-09-16,H200,6,lost,2026-01-01,postpaid,2,2,72.0,1.4,1.62,1.85
2026-09-16,H200,6,lost,2026-01-01,prepaid_monthly,5,5,1032.0,1.87,2.1,2.52
2026-09-16,H200,6,lost,2026-02-01,postpaid,1,1,200.0,2.0,2.0,2.0
2026-09-16,H200,6,lost,2026-02-01,prepaid_monthly,5,5,2202.0,1.75,1.9,1.95
2026-09-16,H200,6,lost,2026-03-01,postpaid,1,1,2.0,2.2,2.2,2.2
2026-09-16,H200,6,lost,2026-03-01,prepaid_monthly,2,2,128.0,2.0,2.15,2.3
2026-09-16,H200,6,lost,2026-04-01,prepaid_monthly,2,2,96.0,2.5,2.68,2.85
2026-09-16,H200,6,lost,2026-05-01,postpaid,1,1,24.0,2.3,2.3,2.3
2026-09-16,H200,6,lost,2026-05-01,prepaid_monthly,1,1,80.0,3.21,3.21,3.21
2026-09-16,H200,6,lost,2026-06-01,prepaid_monthly,1,1,16.0,2.9,2.9,2.9
2026-09-16,H200,6,lost,2026-06-01,upfront,1,1,88.0,3.19,3.19,3.19
2026-09-16,H200,6,lost,2026-07-01,postpaid,2,2,16.0,1.8,1.95,2.1
2026-09-16,H200,6,proposal,2026-08-01,postpaid,1,1,70.0,1.85,1.85,1.85
2026-09-16,H200,6,proposal,2026-08-01,upfront,1,1,64.0,2.28,2.28,2.28
2026-09-16,H200,12,lost,2025-09-01,postpaid,1,1,320.0,1.9,1.9,1.9
2026-09-16,H200,12,lost,2025-09-01,prepaid_monthly,2,2,744.0,1.8,1.8,1.8
2026-09-16,H200,12,lost,2025-10-01,postpaid,2,2,864.0,2.0,2.22,2.45
2026-09-16,H200,12,lost,2025-10-01,prepaid_monthly,3,4,768.0,2.0,2.15,2.3
2026-09-16,H200,12,lost,2025-11-01,postpaid,1,1,24.0,2.0,2.0,2.0
2026-09-16,H200,12,lost,2025-12-01,postpaid,3,3,160.0,1.6,1.8,2.2
2026-09-16,H200,12,lost,2025-12-01,prepaid_monthly,1,1,32.0,1.9,1.9,1.9
2026-09-16,H200,12,lost,2026-01-01,postpaid,1,1,96.0,1.9,1.9,1.9
2026-09-16,H200,12,lost,2026-01-01,prepaid_monthly,4,5,2620.0,1.6,1.9,2.0
2026-09-16,H200,12,lost,2026-02-01,postpaid,4,4,2824.0,1.75,1.85,2.2
2026-09-16,H200,12,lost,2026-02-01,prepaid_monthly,5,5,3844.0,1.8,1.85,1.95
2026-09-16,H200,12,lost,2026-02-01,upfront,1,1,128.0,1.8,1.8,1.8
2026-09-16,H200,12,lost,2026-03-01,postpaid,4,4,80.0,2.0,2.15,2.26
2026-09-16,H200,12,lost,2026-03-01,prepaid_monthly,3,3,184.0,2.0,2.26,2.98
2026-09-16,H200,12,lost,2026-03-01,upfront,1,1,100.0,3.5,3.5,3.5
2026-09-16,H200,12,lost,2026-04-01,postpaid,2,2,416.0,2.0,2.75,3.5
2026-09-16,H200,12,lost,2026-04-01,prepaid_monthly,2,2,113.0,2.0,2.58,3.17
2026-09-16,H200,12,lost,2026-04-01,upfront,1,1,16.0,2.26,2.26,2.26
2026-09-16,H200,12,lost,2026-05-01,postpaid,2,2,136.0,1.85,1.92,2.0
2026-09-16,H200,12,lost,2026-05-01,prepaid_monthly,6,7,3552.0,2.1,2.95,3.5
2026-09-16,H200,12,lost,2026-05-01,upfront,2,2,544.0,2.11,2.5,2.9
2026-09-16,H200,12,lost,2026-06-01,postpaid,3,3,132.0,2.2,2.46,3.14
2026-09-16,H200,12,lost,2026-06-01,prepaid_monthly,5,5,296.0,2.85,3.0,3.5
2026-09-16,H200,12,lost,2026-06-01,upfront,4,4,1216.0,2.51,2.65,3.5
2026-09-16,H200,12,lost,2026-07-01,postpaid,1,1,216.0,3.15,3.15,3.15
2026-09-16,H200,12,lost,2026-07-01,prepaid_monthly,3,3,368.0,2.0,2.9,2.95
2026-09-16,H200,12,lost,2026-07-01,upfront,2,2,576.0,2.6,2.85,3.1
2026-09-16,H200,12,lost,2026-08-01,prepaid_monthly,2,2,136.0,2.7,2.8,2.9
2026-09-16,H200,12,lost,2026-08-01,upfront,1,1,788.0,2.51,2.51,2.51
2026-09-16,H200,12,proposal,2026-08-01,postpaid,3,3,562.0,2.46,3.15,3.25
2026-09-16,H200,12,proposal,2026-08-01,prepaid_monthly,1,1,80.0,2.9,2.9,2.9
2026-09-16,H200,12,proposal,2026-08-01,upfront,1,1,340.0,3.06,3.06,3.06
2026-09-16,H200,12,proposal,2026-09-01,prepaid_monthly,2,2,176.0,3.05,3.18,3.3
2026-09-16,H200,12,proposal,2026-10-01,prepaid_monthly,1,1,16.0,3.0,3.0,3.0
2026-09-16,H200,12,proposal,2026-10-01,upfront,1,1,16.0,3.2,3.2,3.2
2026-09-16,H200,12,proposal,2026-11-01,prepaid_monthly,1,1,16.0,3.2,3.2,3.2
2026-09-16,H200,18,lost,2026-02-01,prepaid_monthly,1,1,2048.0,1.9,1.9,1.9
2026-09-16,H200,18,lost,2026-05-01,postpaid,1,1,8.0,2.15,2.15,2.15
2026-09-16,H200,18,lost,2026-08-01,prepaid_monthly,1,1,64.0,2.75,2.75,2.75
2026-09-16,H200,18,proposal,2026-09-01,prepaid_monthly,1,1,256.0,3.0,3.0,3.0
2026-09-16,H200,24,lost,2025-10-01,postpaid,1,1,32.0,1.9,1.9,1.9
2026-09-16,H200,24,lost,2026-06-01,postpaid,1,1,80.0,2.53,2.53,2.53
2026-09-16,H200,24,lost,2026-06-01,prepaid_monthly,1,1,512.0,2.1,2.1,2.1
2026-09-16,H200,24,lost,2026-08-01,prepaid_monthly,1,1,128.0,2.75,2.75,2.75
2026-09-16,H200,36,lost,2026-04-01,prepaid_monthly,1,1,16.0,1.95,1.95,1.95
2026-09-16,H200,36,lost,2026-05-01,prepaid_monthly,1,1,2000.0,1.9,1.9,1.9
2026-09-16,H200,36,lost,2026-06-01,postpaid,1,1,40.0,1.84,1.84,1.84
2026-09-16,VR,6,proposal,2026-08-01,prepaid_monthly,1,1,2592.0,8.5,8.5,8.5
2026-09-16,VR,18,lost,2026-07-01,prepaid_monthly,1,1,1000.0,6.0,6.0,6.0
